ID,Customer_ID,Month,Name,Age,SSN,Occupation,Annual_Income,Monthly_Inhand_Salary,Num_Bank_Accounts,Num_Credit_Card,Interest_Rate,Num_of_Loan,Type_of_Loan,Delay_from_due_date,Num_of_Delayed_Payment,Changed_Credit_Limit,Num_Credit_Inquiries,Credit_Mix,Outstanding_Debt,Credit_Utilization_Ratio,Credit_History_Age,Payment_of_Min_Amount,Total_EMI_per_month,Amount_invested_monthly,Payment_Behaviour,Monthly_Balance,Credit_Score
5634,3392,1,Aaron Maashoh,23,821000265,Scientist,19114.12,1824.843333,3,4,3,4,"auto loan,credit-builder loan,personal loan,home equity loan",3,7,11.27,4,Good,809.98,26.82261962,265,No,49.57494921,21.46538026,High_spent_Small_value_payments,312.4940887,Good
5635,3392,2,Aaron Maashoh,23,821000265,Scientist,19114.12,1824.843333,3,4,3,4,"auto loan,credit-builder loan,personal loan,home equity loan",3,4,11.27,4,Good,809.98,31.94496006,266,No,49.57494921,21.46538026,Low_spent_Large_value_payments,284.6291625,Good
5636,3392,3,Aaron Maashoh,23,821000265,Scientist,19114.12,1824.843333,3,4,3,4,"auto loan,credit-builder loan,personal loan,home equity loan",3,7,11.27,4,Good,809.98,28.60935202,267,No,49.57494921,21.46538026,Low_spent_Medium_value_payments,331.2098629,Good
5637,3392,4,Aaron Maashoh,23,821000265,Scientist,19114.12,1824.843333,3,4,3,4,"auto loan,credit-builder loan,personal loan,home equity loan",5,4,6.27,4,Good,809.98,31.37786187,268,No,49.57494921,21.46538026,Low_spent_Small_value_payments,223.4513097,Good
5638,3392,5,Aaron Maashoh,23,821000265,Scientist,19114.12,1824.843333,3,4,3,4,"auto loan,credit-builder loan,personal loan,home equity loan",6,4,11.27,4,Good,809.98,24.79734691,269,No,49.57494921,21.46538026,High_spent_Medium_value_payments,341.489231,Good
5639,3392,6,Aaron Maashoh,23,821000265,Scientist,19114.12,1824.843333,3,4,3,4,"auto loan,credit-builder loan,personal loan,home equity loan",8,4,9.27,4,Good,809.98,27.26225871,270,No,49.57494921,21.46538026,High_spent_Medium_value_payments,340.4792118,Good
5640,3392,7,Aaron Maashoh,23,821000265,Scientist,19114.12,1824.843333,3,4,3,4,"auto loan,credit-builder loan,personal loan,home equity loan",3,8,11.27,4,Good,809.98,22.53759303,271,No,49.57494921,21.46538026,Low_spent_Small_value_payments,244.5653167,Good
5641,3392,8,Aaron Maashoh,23,821000265,Scientist,19114.12,1824.843333,3,4,3,4,"auto loan,credit-builder loan,personal loan,home equity loan",3,6,11.27,4,Good,809.98,23.9337948,272,No,49.57494921,21.46538026,High_spent_Medium_value_payments,358.1241676,Standard
5646,8625,1,Rick Rothackerj,28,4075839,Teacher,34847.84,3037.986667,2,4,6,1,credit-builder loan,3,4,5.42,2,Good,605.03,24.46403064,319,No,18.81621457,39.68401842,Low_spent_Small_value_payments,470.6906269,Standard
5647,8625,2,Rick Rothackerj,28,4075839,Teacher,34847.84,3037.986667,2,4,6,1,credit-builder loan,7,1,7.42,2,Good,605.03,38.55084843,320,No,18.81621457,39.68401842,High_spent_Large_value_payments,484.5912143,Good
5648,8625,3,Rick Rothackerj,28,4075839,Teacher,34847.84,3037.986667,2,4,6,1,credit-builder loan,3,1,5.42,2,Good,605.03,33.22495079,321,No,18.81621457,39.68401842,High_spent_Large_value_payments,466.4664764,Standard
5649,8625,4,Rick Rothackerj,28,4075839,Teacher,34847.84,3037.986667,2,4,6,1,credit-builder loan,3,3,5.42,2,Good,605.03,39.18265566,322,No,18.81621457,39.68401842,Low_spent_Medium_value_payments,465.6762241,Good
5650,8625,5,Rick Rothackerj,28,4075839,Teacher,34847.84,3037.986667,2,4,6,1,credit-builder loan,3,1,6.42,2,Good,605.03,34.97789475,323,No,18.81621457,39.68401842,Low_spent_Small_value_payments,444.8670319,Good
5651,8625,6,Rick Rothackerj,28,4075839,Teacher,34847.84,3037.986667,2,4,6,1,credit-builder loan,3,0,5.42,2,Good,605.03,33.3810102,324,No,18.81621457,39.68401842,High_spent_Large_value_payments,481.5052619,Good
5652,8625,7,Rick Rothackerj,28,4075839,Teacher,34847.84,3037.986667,2,4,6,1,credit-builder loan,3,4,5.42,2,Good,605.03,31.13170161,325,NM,18.81621457,39.68401842,High_spent_Medium_value_payments,464.8806779,Good
5653,8625,8,Rick Rothackerj,28,4075839,Teacher,34847.84,3037.986667,2,4,6,1,credit-builder loan,3,4,5.42,2,Good,605.03,32.93385629,326,No,18.81621457,39.68401842,Low_spent_Small_value_payments,356.0781086,Good
5658,11708,1,Langep,34,486853974,Engineer,143162.64,12187.22,1,5,8,3,"auto loan,auto loan,not specified",5,8,7.1,3,Good,1303.01,28.61673482,213,No,246.9923195,168.4137027,High_spent_Small_value_payments,1043.315978,Good
5659,11708,2,Langep,34,486853974,Engineer,143162.64,12187.22,1,5,8,3,"auto loan,auto loan,not specified",13,6,7.1,3,Good,1303.01,41.70257342,214,No,246.9923195,168.4137027,High_spent_Small_value_payments,998.8692968,Good
5660,11708,3,Langep,34,486853974,Engineer,143162.64,12187.22,1,5,8,3,"auto loan,auto loan,not specified",8,7,11.1,3,Good,1303.01,26.51981539,215,No,246.9923195,168.4137027,High_spent_Small_value_payments,715.7413674,Good
5661,11708,4,Langep,34,486853974,Engineer,143162.64,12187.22,1,5,8,3,"auto loan,auto loan,not specified",8,5,9.1,3,Good,1303.01,39.50164811,216,No,246.9923195,168.4137027,Low_spent_Medium_value_payments,426.5134106,Good
5662,11708,5,Langep,34,486853974,Engineer,143162.64,12187.22,1,5,8,3,"auto loan,auto loan,not specified",10,5,7.1,3,Good,1303.01,31.37614957,217,No,246.9923195,168.4137027,Low_spent_Large_value_payments,810.7821527,Good
5663,11708,6,Langep,34,486853974,Engineer,143162.64,12187.22,1,5,8,3,"auto loan,auto loan,not specified",8,6,7.1,3,Good,1303.01,39.78399346,218,No,246.9923195,168.4137027,High_spent_Medium_value_payments,963.9215811,Good
5664,11708,7,Langep,34,486853974,Engineer,143162.64,12187.22,1,5,8,3,"auto loan,auto loan,not specified",8,6,7.1,3,Good,1303.01,38.06862363,219,No,246.9923195,168.4137027,High_spent_Small_value_payments,968.5555174,Standard
5665,11708,8,Langep,34,486853974,Engineer,143162.64,12187.22,1,5,8,3,"auto loan,auto loan,not specified",8,6,7.1,3,Good,1303.01,38.37475295,220,No,246.9923195,168.4137027,High_spent_Small_value_payments,895.4945832,Standard
5670,47249,1,Jasond,54,72316145,Entrepreneur,30689.89,2612.490833,2,5,4,1,not specified,0,6,1.99,4,Good,632.46,26.54422872,207,No,16.41545166,29.39331143,Low_spent_Large_value_payments,433.604773,Standard
5671,47249,2,Jasond,54,72316145,Entrepreneur,30689.89,2612.490833,2,5,4,1,not specified,5,3,1.99,4,Good,632.46,35.27998178,208,No,16.41545166,29.39331143,Low_spent_Small_value_payments,409.9518118,Standard
5672,47249,3,Jasond,55,72316145,Entrepreneur,30689.89,2612.490833,2,5,4,1,not specified,3,9,1.99,4,Good,632.46,32.30116343,209,NM,16.41545166,29.39331143,High_spent_Medium_value_payments,411.4271229,Standard
5673,47249,4,Jasond,55,72316145,Entrepreneur,30689.89,2612.490833,2,5,4,1,not specified,7,6,1.99,4,Good,632.46,38.13234819,210,No,16.41545166,29.39331143,Low_spent_Small_value_payments,262.4995943,Standard
5674,47249,5,Jasond,55,72316145,Entrepreneur,30689.89,2612.490833,2,5,4,1,not specified,5,6,1.99,4,Good,632.46,41.15431655,211,No,16.41545166,29.39331143,Low_spent_Large_value_payments,359.3749155,Standard
5675,47249,6,Jasond,55,72316145,Entrepreneur,30689.89,2612.490833,2,5,4,1,not specified,5,6,1.99,4,Good,632.46,27.44542179,212,No,16.41545166,29.39331143,High_spent_Small_value_payments,419.8807835,Standard
5676,47249,7,Jasond,55,72316145,Entrepreneur,30689.89,2612.490833,2,5,4,1,not specified,5,6,1.99,4,Good,632.46,26.05639528,213,No,16.41545166,29.39331143,Low_spent_Large_value_payments,443.5499568,Standard
5677,47249,8,Jasond,55,72316145,Entrepreneur,30689.89,2612.490833,2,5,4,1,not specified,4,9,1.99,4,Good,632.46,27.33251493,214,No,16.41545166,29.39331143,High_spent_Small_value_payments,379.2163811,Standard
5682,7387,1,Deepaa,21,615067821,Developer,35547.71,2853.309167,7,5,5,0,No Data,5,15,2.58,4,Standard,943.86,39.79776423,368,Yes,0,37.64363789,High_spent_Medium_value_payments,288.6055223,Standard
5683,7387,2,Deepaa,21,615067821,Developer,35547.71,2853.309167,7,5,5,0,No Data,9,15,2.58,4,Standard,943.86,27.02036025,369,NM,0,37.64363789,High_spent_Medium_value_payments,460.8872756,Standard
5684,7387,3,Deepaa,21,615067821,Developer,35547.71,2853.309167,7,5,5,0,No Data,5,12,2.58,4,Standard,943.86,23.46230304,370,Yes,0,37.64363789,Low_spent_Medium_value_payments,392.1922657,Standard
5685,7387,4,Deepaa,21,615067821,Developer,35547.71,2853.309167,7,5,5,0,No Data,1,15,2.58,4,Standard,943.86,28.92495378,371,Yes,0,37.64363789,High_spent_Medium_value_payments,438.5454316,Standard
5686,7387,5,Deepaa,21,615067821,Developer,35547.71,2853.309167,7,5,5,0,No Data,9,17,2.58,4,Standard,943.86,41.77618715,372,Yes,0,37.64363789,High_spent_Small_value_payments,482.6076383,Standard
5687,7387,6,Deepaa,21,615067821,Developer,35547.71,2853.309167,7,5,5,0,No Data,5,15,2.58,4,Standard,943.86,29.21755633,373,Yes,0,37.64363789,High_spent_Medium_value_payments,497.6872788,Standard
5688,7387,7,Deepaa,21,615067821,Developer,35547.71,2853.309167,7,5,5,0,No Data,10,15,2.58,4,Standard,943.86,26.26382269,374,Yes,0,37.64363789,Low_spent_Small_value_payments,394.3189339,Standard
5689,7387,8,Deepaa,21,615067821,Developer,35547.71,2853.309167,7,5,5,0,No Data,1,15,2.58,4,Standard,943.86,25.86292247,375,Yes,0,37.64363789,High_spent_Small_value_payments,364.0000157,Standard
5694,38382,1,Np,31,612708987,Lawyer,73928.46,5988.705,4,5,8,0,No Data,12,10,10.14,2,Good,548.2,39.96268501,384,No,0,42.63559025,High_spent_Large_value_payments,740.1960901,Good
5695,38382,2,Np,31,612708987,Lawyer,73928.46,5988.705,4,5,8,0,No Data,8,7,10.14,2,Good,548.2,42.7698644,384,NM,0,42.63559025,Low_spent_Medium_value_payments,705.9312855,Good
5696,38382,3,Np,31,612708987,Lawyer,73928.46,5988.705,4,5,8,0,No Data,8,7,10.14,2,Good,548.2,40.71218653,385,No,0,42.63559025,High_spent_Medium_value_payments,698.8107657,Good
5697,38382,4,Np,31,612708987,Lawyer,73928.46,5988.705,4,5,8,0,No Data,8,7,10.14,2,Good,548.2,30.20165771,386,No,0,42.63559025,Low_spent_Small_value_payments,270.6681087,Good
5698,38382,5,Np,31,612708987,Lawyer,73928.46,5988.705,4,5,8,0,No Data,11,7,10.14,2,Good,548.2,26.33331043,387,No,0,42.63559025,Low_spent_Large_value_payments,690.9186643,Good
5699,38382,6,Np,31,612708987,Lawyer,73928.46,5988.705,4,5,8,0,No Data,7,7,10.14,2,Good,548.2,35.27543652,388,No,0,42.63559025,Low_spent_Large_value_payments,633.080175,Good
5700,38382,7,Np,31,612708987,Lawyer,73928.46,5988.705,4,5,8,0,No Data,8,4,9.14,2,Good,548.2,36.62479126,389,No,0,42.63559025,High_spent_Small_value_payments,510.3611005,Standard
5701,38382,8,Np,31,612708987,Lawyer,73928.46,5988.705,4,5,8,0,No Data,8,7,10.14,2,Good,548.2,31.58098967,390,No,0,42.63559025,High_spent_Large_value_payments,796.2349097,Good
5706,10314,1,Nadiaq,33,411510676,Lawyer,131313.4,11242.78333,0,1,8,2,"credit-builder loan,mortgage loan",0,3,9.34,2,Good,352.16,32.200509,367,NM,137.6446054,86.56638801,High_spent_Medium_value_payments,858.4624744,Good
5707,10314,2,Nadiaq,34,411510676,Lawyer,131313.4,11242.78333,0,1,8,2,"credit-builder loan,mortgage loan",0,2,15.34,4,Good,352.16,31.98371001,368,No,137.6446054,86.56638801,High_spent_Small_value_payments,547.7604572,Good
5708,10314,3,Nadiaq,34,411510676,Lawyer,131313.4,10469.20776,0,1,8,2,"credit-builder loan,mortgage loan",0,3,9.34,4,Good,352.16,31.8031345,369,NM,911.2201793,86.56638801,High_spent_Large_value_payments,1038.569407,Good
5709,10314,4,Nadiaq,34,411510676,Lawyer,131313.4,10469.20776,0,1,8,2,"credit-builder loan,mortgage loan",0,2,8.34,4,Good,352.16,42.6457849,370,No,911.2201793,86.56638801,High_spent_Medium_value_payments,899.1987716,Good
5710,10314,5,Nadiaq,34,411510676,Lawyer,131313.4,10469.20776,0,1,8,2,"credit-builder loan,mortgage loan",0,4,9.34,4,Good,352.16,40.90251715,371,No,911.2201793,86.56638801,High_spent_Large_value_payments,963.254819,Good
5711,10314,6,Nadiaq,34,411510676,Lawyer,131313.4,10469.20776,0,1,8,2,"credit-builder loan,mortgage loan",0,3,11.34,4,Good,352.16,41.98016961,372,No,911.2201793,86.56638801,High_spent_Large_value_payments,1140.06734,Standard
5712,10314,7,Nadiaq,34,411510676,Lawyer,131313.4,10469.20776,0,1,8,2,"credit-builder loan,mortgage loan",0,2,9.34,4,Good,352.16,26.94756515,373,No,911.2201793,86.56638801,Low_spent_Medium_value_payments,326.2418302,Good
5713,10314,8,Nadiaq,34,411510676,Lawyer,131313.4,10469.20776,0,1,8,2,"credit-builder loan,mortgage loan",0,2,9.34,4,Good,352.16,29.18791265,374,No,911.2201793,86.56638801,Low_spent_Medium_value_payments,396.1113462,Good
5718,21511,1,Annk,30,500926408,Media_Manager,34081.38,2611.115,8,7,15,3,"not specified,auto loan,student loan",30,11,17.13,5,Standard,1704.18,24.44806275,176,NM,70.47833267,29.32636371,Low_spent_Large_value_payments,298.1921581,Poor
5719,21511,2,Annk,30,500926408,Media_Manager,34081.38,2611.115,8,7,15,3,"not specified,auto loan,student loan",30,14,17.13,5,Standard,1704.18,35.17116002,176,Yes,70.47833267,29.32636371,High_spent_Large_value_payments,392.1961846,Poor
5720,21511,3,Annk,30,500926408,Media_Manager,34081.38,2611.115,8,7,15,3,"not specified,auto loan,student loan",31,14,17.13,5,Standard,1704.18,35.11155247,177,Yes,70.47833267,29.32636371,Low_spent_Large_value_payments,260.9124018,Poor
5721,21511,4,Annk,30,500926408,Media_Manager,34081.38,2611.115,8,7,15,3,"not specified,auto loan,student loan",34,14,21.13,5,Standard,1704.18,29.76215931,178,Yes,70.47833267,29.32636371,Low_spent_Small_value_payments,260.0809754,Poor
5722,21511,5,Annk,30,500926408,Media_Manager,34081.38,2611.115,8,7,15,3,"not specified,auto loan,student loan",27,14,17.13,5,Standard,1704.18,30.20621422,179,Yes,70.47833267,29.32636371,High_spent_Large_value_payments,397.2283547,Standard
5723,21511,6,Annk,30,500926408,Media_Manager,34081.38,2611.115,8,7,15,3,"not specified,auto loan,student loan",30,14,18.13,5,Standard,1704.18,31.17087232,180,Yes,70.47833267,29.32636371,High_spent_Medium_value_payments,410.6743661,Standard
5724,21511,7,Annk,30,500926408,Media_Manager,34081.38,2611.115,8,7,15,3,"not specified,auto loan,student loan",30,11,17.13,5,Standard,1704.18,38.43850508,181,NM,70.47833267,29.32636371,High_spent_Small_value_payments,395.1733867,Standard
5725,21511,8,Annk,30,500926408,Media_Manager,34081.38,2611.115,8,7,15,3,"not specified,auto loan,student loan",30,14,17.13,9,Standard,1704.18,33.82348834,182,Yes,70.47833267,29.32636371,High_spent_Medium_value_payments,411.3068036,Poor
5730,16727,1,Charlie Zhur,23,70191622,Doctor,114838.41,9843.8675,2,5,7,3,"personal loan,debt consolidation loan,auto loan",13,11,8.24,3,Good,1377.74,33.66455429,256,No,226.8927919,212.2356022,High_spent_Small_value_payments,802.3004421,Good
5731,16727,2,Charlie Zhur,23,70191622,Doctor,114838.41,9843.8675,2,5,7,3,"personal loan,debt consolidation loan,auto loan",14,8,8.24,3,Good,1377.74,27.62632549,257,NM,226.8927919,212.2356022,High_spent_Large_value_payments,785.2583559,Good
5732,16727,3,Charlie Zhur,23,70191622,Doctor,114838.41,9843.8675,2,5,7,3,"personal loan,debt consolidation loan,auto loan",11,11,8.24,3,Good,1377.74,35.1415673,258,NM,226.8927919,212.2356022,High_spent_Small_value_payments,547.1081624,Good
5733,16727,4,Charlie Zhur,23,70191622,Doctor,114838.41,9843.8675,2,5,7,3,"personal loan,debt consolidation loan,auto loan",11,14,8.24,8,Good,1377.74,30.45903184,259,No,226.8927919,212.2356022,High_spent_Small_value_payments,772.4119086,Good
5734,16727,5,Charlie Zhur,23,70191622,Doctor,114838.41,9843.8675,2,5,7,3,"personal loan,debt consolidation loan,auto loan",11,11,11.24,8,Good,1377.74,29.81918663,260,No,226.8927919,212.2356022,High_spent_Small_value_payments,367.6845939,Standard
5735,16727,6,Charlie Zhur,24,70191622,Doctor,114838.41,9843.8675,2,5,7,3,"personal loan,debt consolidation loan,auto loan",13,14,8.24,8,Good,1377.74,26.11421387,261,NM,226.8927919,212.2356022,High_spent_Small_value_payments,491.1133876,Good
5736,16727,7,Charlie Zhur,24,70191622,Doctor,114838.41,9843.8675,2,5,7,3,"personal loan,debt consolidation loan,auto loan",11,11,8.24,8,Good,1377.74,31.76751565,262,No,226.8927919,212.2356022,High_spent_Medium_value_payments,792.0256603,Good
5737,16727,8,Charlie Zhur,24,70191622,Doctor,114838.41,9843.8675,2,5,7,3,"personal loan,debt consolidation loan,auto loan",11,11,8.24,8,Good,1377.74,27.81335364,263,No,226.8927919,212.2356022,High_spent_Large_value_payments,742.9221908,Standard
5742,47624,1,Jamesj,44,366681681,Journalist,31370.8,2825.233333,0,5,12,2,"not specified,payday loan",4,0,5.76,2,Good,421.43,29.51935256,318,NM,46.61612907,22.29805714,High_spent_Small_value_payments,341.5544232,Good
5743,47624,2,Jamesj,44,366681681,Journalist,31370.8,2825.233333,1,6,12,2,"not specified,payday loan",2,0,5.76,2,Good,421.43,28.22048096,318,No,46.61612907,22.29805714,Low_spent_Small_value_payments,227.1627349,Good
5744,47624,3,Jamesj,44,366681681,Journalist,31370.8,2825.233333,1,6,12,2,"not specified,payday loan",1,0,1.76,5,Good,421.43,31.04641791,319,No,46.61612907,22.29805714,Low_spent_Medium_value_payments,375.0865083,Good
5745,47624,4,Jamesj,44,366681681,Journalist,31370.8,2825.233333,1,6,12,2,"not specified,payday loan",1,0,5.76,5,Good,421.43,30.1680304,320,No,46.61612907,22.29805714,Low_spent_Small_value_payments,292.3016778,Good
5746,47624,5,Jamesj,44,366681681,Journalist,31370.8,2825.233333,1,6,12,2,"not specified,payday loan",1,0,5.76,5,Good,421.43,25.18923173,321,No,46.61612907,22.29805714,Low_spent_Small_value_payments,341.2066326,Good
5747,47624,6,Jamesj,44,366681681,Journalist,31370.8,2825.233333,1,6,12,2,"not specified,payday loan",1,0,5.76,5,Good,421.43,25.50246855,322,No,46.61612907,22.29805714,Low_spent_Medium_value_payments,378.1897794,Good
5748,47624,7,Jamesj,45,366681681,Journalist,31370.8,2825.233333,1,6,12,2,"not specified,payday loan",1,2,5.76,5,Good,421.43,22.76220217,323,No,46.61612907,22.29805714,Low_spent_Small_value_payments,337.5123038,Good
5749,47624,8,Jamesj,45,366681681,Journalist,31370.8,2825.233333,1,6,12,2,"not specified,payday loan",1,2,5.76,5,Good,421.43,37.56505277,324,No,46.61612907,22.29805714,Low_spent_Small_value_payments,273.2623771,Good
5754,42603,1,Saphirj,40,221308554,Teacher,33751.27,2948.605833,5,5,20,3,"credit-builder loan,personal loan,auto loan",16,20,11,4,Standard,1328.93,37.08907565,230,NM,65.00817429,25.19256191,High_spent_Medium_value_payments,362.5457119,Standard
5755,42603,2,Saphirj,40,221308554,Teacher,33751.27,2948.605833,5,5,20,3,"credit-builder loan,personal loan,auto loan",16,20,11,4,Standard,1328.93,30.90808063,231,Yes,65.00817429,25.19256191,High_spent_Large_value_payments,399.7213311,Standard
5756,42603,3,Saphirj,40,221308554,Teacher,33751.27,2948.605833,5,5,20,3,"credit-builder loan,personal loan,auto loan",16,20,11,8,Standard,1328.93,38.03072168,232,Yes,65.00817429,25.19256191,Low_spent_Large_value_payments,229.6698268,Standard
5757,42603,4,Saphirj,40,221308554,Teacher,33751.27,2948.605833,5,5,20,3,"credit-builder loan,personal loan,auto loan",17,22,11,8,Standard,1328.93,23.40441278,233,Yes,65.00817429,25.19256191,High_spent_Large_value_payments,444.6598471,Standard
5758,42603,5,Saphirj,40,221308554,Teacher,33751.27,2948.605833,5,5,20,3,"credit-builder loan,personal loan,auto loan",16,20,8,8,Standard,1328.93,29.07375818,234,Yes,65.00817429,25.19256191,Low_spent_Small_value_payments,276.5227243,Standard
5759,42603,6,Saphirj,40,221308554,Teacher,33751.27,2948.605833,5,5,20,3,"credit-builder loan,personal loan,auto loan",16,20,11,8,Standard,1328.93,32.78263673,235,Yes,65.00817429,25.19256191,High_spent_Medium_value_payments,406.9923272,Standard
5760,42603,7,Saphirj,40,221308554,Teacher,33751.27,2948.605833,5,5,20,3,"credit-builder loan,personal loan,auto loan",16,20,11,8,Standard,1328.93,35.58400505,236,Yes,65.00817429,25.19256191,Low_spent_Small_value_payments,444.4252395,Standard
5761,42603,8,Saphirj,41,221308554,Teacher,33751.27,2948.605833,5,5,20,3,"credit-builder loan,personal loan,auto loan",16,17,11,8,Standard,1328.93,31.13948358,237,Yes,65.00817429,25.19256191,High_spent_Large_value_payments,443.8827971,Standard
5766,49323,1,Soyoungd,32,342902649,Engineer,88640.24,7266.686667,3,6,1,2,"payday loan,payday loan",4,0,3.51,3,Good,950.36,28.21061721,305,No,135.173371,77.84134311,High_spent_Large_value_payments,732.5635317,Standard
5767,49323,2,Soyoungd,33,342902649,Engineer,88640.24,7266.686667,3,6,1,2,"payday loan,payday loan",4,2,3.51,3,Good,950.36,41.03616828,306,NM,135.173371,77.84134311,High_spent_Large_value_payments,674.3205074,Good
5768,49323,3,Soyoungd,33,342902649,Engineer,88640.24,7266.686667,3,6,1,2,"payday loan,payday loan",4,0,3.51,3,Good,950.36,34.67019438,307,No,135.173371,77.84134311,High_spent_Medium_value_payments,543.3063842,Standard
5769,49323,4,Soyoungd,33,342902649,Engineer,88640.24,7266.686667,3,6,1,2,"payday loan,payday loan",4,2,3.51,3,Good,950.36,31.82853557,308,No,135.173371,77.84134311,Low_spent_Small_value_payments,86.63611983,Standard
5770,49323,5,Soyoungd,33,342902649,Engineer,88640.24,7266.686667,3,6,1,2,"payday loan,payday loan",4,2,3.51,3,Good,950.36,34.70283693,309,No,135.173371,77.84134311,High_spent_Medium_value_payments,561.8766736,Good
5771,49323,6,Soyoungd,33,342902649,Engineer,88640.24,7266.686667,3,6,1,2,"payday loan,payday loan",4,0,3.51,3,Good,950.36,38.32363895,310,No,135.173371,77.84134311,Low_spent_Small_value_payments,195.3690791,Good
5772,49323,7,Soyoungd,33,342902649,Engineer,88640.24,7266.686667,3,6,1,2,"payday loan,payday loan",4,2,3.51,3,Good,950.36,25.9791728,311,No,135.173371,77.84134311,High_spent_Large_value_payments,667.4204738,Good
5773,49323,8,Soyoungd,33,342902649,Engineer,88640.24,7266.686667,3,6,1,2,"payday loan,payday loan",4,2,3.51,3,Good,950.36,30.87079911,312,No,135.173371,77.84134311,High_spent_Large_value_payments,733.0533444,Good
5778,15941,1,Harriet McLeodd,35,414532918,Entrepreneur,54392.16,4766.68,6,4,14,3,"not specified,student loan,personal loan",10,8,5.54,3,Standard,179.22,25.64924607,322,Yes,124.3920824,33.34956859,Low_spent_Large_value_payments,378.5404802,Standard
5779,15941,2,Harriet McLeodd,35,414532918,Entrepreneur,54392.16,4766.68,6,4,14,3,"not specified,student loan,personal loan",10,10,4.54,3,Standard,179.22,29.40877528,323,Yes,124.3920824,33.34956859,High_spent_Medium_value_payments,459.5240535,Standard
5780,15941,3,Harriet McLeodd,35,414532918,Entrepreneur,54392.16,4766.68,6,4,14,3,"not specified,student loan,personal loan",15,11,5.54,3,Standard,179.22,31.25892847,324,NM,124.3920824,33.34956859,High_spent_Large_value_payments,558.926349,Standard
5781,15941,4,Harriet McLeodd,35,414532918,Entrepreneur,54392.16,4766.68,6,4,14,3,"not specified,student loan,personal loan",10,7,0.54,3,Standard,179.22,27.19258741,325,Yes,124.3920824,33.34956859,Low_spent_Small_value_payments,147.4336899,Standard
5782,15941,5,Harriet McLeodd,35,414532918,Entrepreneur,54392.16,4766.68,6,4,14,3,"not specified,student loan,personal loan",10,8,11.54,3,Standard,179.22,34.59532446,326,Yes,124.3920824,33.34956859,Low_spent_Small_value_payments,409.1574722,Standard
5783,15941,6,Harriet McLeodd,35,414532918,Entrepreneur,54392.16,4766.68,6,4,14,3,"not specified,student loan,personal loan",10,8,5.54,3,Standard,179.22,23.1950254,327,Yes,124.3920824,33.34956859,Low_spent_Small_value_payments,7.129357074,Standard
5784,15941,7,Harriet McLeodd,36,414532918,Entrepreneur,54392.16,4766.68,6,4,14,3,"not specified,student loan,personal loan",10,8,5.54,7,Standard,179.22,35.11253199,328,Yes,124.3920824,33.34956859,Low_spent_Large_value_payments,464.1635141,Standard
5785,15941,8,Harriet McLeodd,36,414532918,Entrepreneur,54392.16,4766.68,6,4,14,3,"not specified,student loan,personal loan",10,8,5.54,7,Standard,179.22,32.87880507,329,Yes,124.3920824,33.34956859,Low_spent_Small_value_payments,147.1580197,Standard
5790,27750,1,Sinead Carews,39,328336328,Manager,8701.545,519.12875,6,5,32,7,"personal loan,payday loan,student loan,auto loan,home equity loan,student loan,payday loan",23,9,8.86,6,Standard,2602.69,24.52316385,107,Yes,36.54819717,13.06620992,Low_spent_Large_value_payments,272.2984679,Poor
5791,27750,2,Sinead Carews,39,328336328,Manager,8701.545,519.12875,6,5,32,7,"personal loan,payday loan,student loan,auto loan,home equity loan,student loan,payday loan",23,9,8.86,6,Standard,2602.69,39.9025176,108,Yes,36.54819717,13.06620992,Low_spent_Large_value_payments,250.6495139,Poor
5792,27750,3,Sinead Carews,39,328336328,Manager,8701.545,519.12875,6,5,32,7,"personal loan,payday loan,student loan,auto loan,home equity loan,student loan,payday loan",23,9,8.86,6,Standard,2602.69,36.47591386,109,NM,36.54819717,13.06620992,Low_spent_Large_value_payments,239.7137023,Poor
5793,27750,4,Sinead Carews,39,328336328,Manager,8701.545,519.12875,6,5,32,7,"personal loan,payday loan,student loan,auto loan,home equity loan,student loan,payday loan",22,7,8.86,6,Standard,2602.69,32.09749228,110,Yes,36.54819717,13.06620992,Low_spent_Small_value_payments,284.974494,Poor
5794,27750,5,Sinead Carews,39,328336328,Manager,8701.545,519.12875,6,5,32,7,"personal loan,payday loan,student loan,auto loan,home equity loan,student loan,payday loan",22,9,8.86,6,Standard,2602.69,37.16937449,111,Yes,36.54819717,13.06620992,Low_spent_Small_value_payments,254.8777256,Poor
5795,27750,6,Sinead Carews,39,328336328,Manager,8701.545,519.12875,6,5,32,7,"personal loan,payday loan,student loan,auto loan,home equity loan,student loan,payday loan",23,6,8.86,6,Standard,2602.69,28.57003141,112,Yes,36.54819717,13.06620992,Low_spent_Medium_value_payments,242.4330644,Poor
5796,27750,7,Sinead Carews,39,328336328,Manager,8701.545,519.12875,6,5,32,7,"personal loan,payday loan,student loan,auto loan,home equity loan,student loan,payday loan",21,9,8.86,9,Standard,2602.69,38.46541541,113,Yes,36.54819717,13.06620992,Low_spent_Medium_value_payments,264.8928715,Poor
5797,27750,8,Sinead Carews,39,328336328,Manager,8701.545,519.12875,6,5,32,7,"personal loan,payday loan,student loan,auto loan,home equity loan,student loan,payday loan",23,9,8.86,9,Standard,2602.69,28.81553706,114,NM,36.54819717,13.06620992,Low_spent_Small_value_payments,264.7720511,Poor
5802,4084,1,Poornimaf,36,655057666,Entrepreneur,25546.26,2415.855,8,7,14,5,"not specified,student loan,student loan,credit-builder loan,auto loan",16,14,7.83,5,Standard,758.44,37.41820917,218,NM,101.3286374,19.35620844,High_spent_Medium_value_payments,337.1522635,Standard
5803,4084,2,Poornimaf,37,655057666,Entrepreneur,25546.26,2415.855,8,7,14,5,"not specified,student loan,student loan,credit-builder loan,auto loan",16,13,7.83,5,Standard,758.44,29.71137554,219,Yes,101.3286374,19.35620844,Low_spent_Small_value_payments,129.933631,Standard
5804,4084,3,Poornimaf,37,655057666,Entrepreneur,25546.26,2415.855,8,7,14,5,"not specified,student loan,student loan,credit-builder loan,auto loan",16,10,7.83,5,Standard,758.44,25.41361674,220,Yes,101.3286374,19.35620844,Low_spent_Large_value_payments,319.0402759,Standard
5805,4084,4,Poornimaf,37,655057666,Entrepreneur,25546.26,2415.855,8,7,14,5,"not specified,student loan,student loan,credit-builder loan,auto loan",16,10,7.83,5,Standard,758.44,35.94627822,221,Yes,101.3286374,19.35620844,High_spent_Medium_value_payments,306.5421121,Standard
5806,4084,5,Poornimaf,37,655057666,Entrepreneur,25546.26,2415.855,8,7,14,5,"not specified,student loan,student loan,credit-builder loan,auto loan",16,13,7.83,5,Standard,758.44,28.27742001,222,Yes,101.3286374,19.35620844,Low_spent_Small_value_payments,118.2575152,Standard
5807,4084,6,Poornimaf,37,655057666,Entrepreneur,25546.26,2415.855,8,7,14,5,"not specified,student loan,student loan,credit-builder loan,auto loan",16,10,7.83,5,Standard,758.44,34.58659949,223,Yes,101.3286374,19.35620844,High_spent_Small_value_payments,338.5261142,Standard
5808,4084,7,Poornimaf,37,655057666,Entrepreneur,25546.26,2415.855,8,7,14,5,"not specified,student loan,student loan,credit-builder loan,auto loan",16,14,10.83,5,Standard,758.44,30.09906724,224,Yes,101.3286374,19.35620844,Low_spent_Small_value_payments,299.9564689,Standard
5809,4084,8,Poornimaf,37,655057666,Entrepreneur,25546.26,2415.855,8,7,14,5,"not specified,student loan,student loan,credit-builder loan,auto loan",15,13,7.83,5,Standard,758.44,39.3334879,225,Yes,101.3286374,19.35620844,Low_spent_Medium_value_payments,230.4410013,Standard
5814,13266,1,Chalmersa,30,965462491,Scientist,31993.78,2942.148333,6,6,7,2,"payday loan,home equity loan",8,14,6.28,0,Standard,818.22,25.36959679,202,Yes,45.14129822,23.2710222,Low_spent_Medium_value_payments,447.0747001,Standard
5815,13266,2,Chalmersa,30,965462491,Scientist,31993.78,2942.148333,6,6,7,2,"payday loan,home equity loan",12,14,6.28,0,Standard,818.22,37.95856941,203,Yes,45.14129822,23.2710222,Low_spent_Small_value_payments,157.8698035,Standard
5816,13266,3,Chalmersa,31,965462491,Scientist,31993.78,2942.148333,6,6,7,2,"payday loan,home equity loan",8,14,10.28,1,Standard,818.22,27.38010905,204,Yes,45.14129822,23.2710222,Low_spent_Small_value_payments,274.8164466,Standard
5817,13266,4,Chalmersa,30,965462491,Scientist,31993.78,2942.148333,6,6,7,2,"payday loan,home equity loan",8,14,6.28,1,Standard,818.22,34.15826212,205,Yes,45.14129822,23.2710222,Low_spent_Medium_value_payments,376.6212092,Standard
5818,13266,5,Chalmersa,30,965462491,Scientist,31993.78,2942.148333,6,6,7,2,"payday loan,home equity loan",8,14,6.28,1,Standard,818.22,30.7880388,206,Yes,45.14129822,23.2710222,High_spent_Medium_value_payments,455.6031264,Standard
5819,13266,6,Chalmersa,31,965462491,Scientist,31993.78,2942.148333,6,6,7,2,"payday loan,home equity loan",8,14,6.28,1,Standard,818.22,34.28096872,207,Yes,45.14129822,23.2710222,High_spent_Small_value_payments,396.3496477,Standard
5820,13266,7,Chalmersa,31,965462491,Scientist,31993.78,2942.148333,6,6,7,2,"payday loan,home equity loan",8,16,6.28,1,Standard,818.22,29.50345427,208,Yes,45.14129822,23.2710222,High_spent_Small_value_payments,404.5162989,Standard
5821,13266,8,Chalmersa,31,965462491,Scientist,31993.78,2942.148333,6,6,7,2,"payday loan,home equity loan",8,16,6.28,1,Standard,818.22,36.01279377,209,Yes,45.14129822,23.2710222,Low_spent_Large_value_payments,421.4853319,Standard
5826,24688,1,Parkm,20,891559364,Accountant,92047.08,7591.59,6,7,16,0,No Data,16,11,9.13,0,Standard,1296.64,37.11561494,350,Yes,0,59.28557023,High_spent_Large_value_payments,854.5248769,Standard
5827,24688,2,Parkm,20,891559364,Accountant,92047.08,7591.59,6,7,16,0,No Data,16,11,9.13,4,Standard,1296.64,39.46775837,351,Yes,0,59.28557023,Low_spent_Medium_value_payments,328.6636193,Standard
5828,24688,3,Parkm,20,891559364,Accountant,92047.08,7591.59,6,7,16,0,No Data,18,11,9.13,4,Standard,1296.64,27.79278836,352,Yes,0,59.28557023,High_spent_Large_value_payments,823.7133773,Standard
5829,24688,4,Parkm,20,891559364,Accountant,92047.08,7591.59,6,7,16,0,No Data,16,11,9.13,4,Standard,1296.64,42.94468168,353,Yes,0,59.28557023,High_spent_Large_value_payments,878.2514462,Poor
5830,24688,5,Parkm,20,891559364,Accountant,92047.08,7591.59,6,7,16,0,No Data,16,8,9.13,4,Standard,1296.64,34.35765024,354,NM,0,59.28557023,High_spent_Large_value_payments,920.4396545,Poor
5831,24688,6,Parkm,20,891559364,Accountant,92047.08,7591.59,6,7,16,0,No Data,16,13,13.13,4,Standard,1296.64,28.77693774,355,Yes,0,59.28557023,Low_spent_Small_value_payments,782.5739728,Poor
5832,24688,7,Parkm,20,891559364,Accountant,92047.08,7591.59,6,7,16,0,No Data,16,10,9.13,4,Standard,1296.64,40.75852164,356,Yes,0,59.28557023,High_spent_Large_value_payments,939.8734298,Poor
5833,24688,8,Parkm,20,891559364,Accountant,92047.08,7591.59,6,7,16,0,No Data,16,11,9.13,4,Standard,1296.64,27.72764678,357,Yes,0,59.28557023,Low_spent_Large_value_payments,761.0743967,Poor
5838,4059,1,Patrickg,45,928914452,Teacher,32284.62,2898.385,6,7,17,6,"credit-builder loan,not specified,mortgage loan,payday loan,credit-builder loan,personal loan",11,12,9.22,8,Standard,1283.37,28.94089259,77,Yes,103.0375604,35.79356841,Low_spent_Medium_value_payments,211.9393246,Standard
5839,4059,2,Patrickg,46,928914452,Teacher,32284.62,2898.385,6,7,17,6,"credit-builder loan,not specified,mortgage loan,payday loan,credit-builder loan,personal loan",11,12,9.22,8,Standard,1283.37,27.86131019,78,Yes,103.0375604,35.79356841,Low_spent_Large_value_payments,353.5906322,Standard
5840,4059,3,Patrickg,46,928914452,Teacher,32284.62,2898.385,6,7,17,6,"credit-builder loan,not specified,mortgage loan,payday loan,credit-builder loan,personal loan",10,12,9.22,8,Standard,1283.37,27.88169704,79,Yes,103.0375604,35.79356841,High_spent_Large_value_payments,391.0073712,Standard
5841,4059,4,Patrickg,46,928914452,Teacher,32284.62,2898.385,6,7,17,6,"credit-builder loan,not specified,mortgage loan,payday loan,credit-builder loan,personal loan",11,12,9.22,8,Standard,1283.37,38.39455822,80,Yes,103.0375604,35.79356841,Low_spent_Small_value_payments,196.5826859,Standard
5842,4059,5,Patrickg,46,928914452,Teacher,32284.62,2898.385,6,7,17,6,"credit-builder loan,not specified,mortgage loan,payday loan,credit-builder loan,personal loan",15,12,8.22,10,Standard,1283.37,33.23978443,81,Yes,103.0375604,35.79356841,High_spent_Small_value_payments,292.7811904,Standard
5843,4059,6,Patrickg,46,928914452,Teacher,32284.62,2898.385,6,7,17,6,"credit-builder loan,not specified,mortgage loan,payday loan,credit-builder loan,personal loan",11,12,8.22,10,Standard,1283.37,26.87446741,82,Yes,103.0375604,35.79356841,Low_spent_Small_value_payments,204.5273897,Standard
5844,4059,7,Patrickg,46,928914452,Teacher,32284.62,2898.385,6,7,17,6,"credit-builder loan,not specified,mortgage loan,payday loan,credit-builder loan,personal loan",7,12,9.22,10,Standard,1283.37,24.2055332,83,Yes,103.0375604,35.79356841,Low_spent_Small_value_payments,85.90209493,Standard
5845,4059,8,Patrickg,46,928914452,Teacher,32284.62,2898.385,6,7,17,6,"credit-builder loan,not specified,mortgage loan,payday loan,credit-builder loan,personal loan",13,12,2.22,10,Standard,1283.37,27.93012371,84,Yes,103.0375604,35.79356841,Low_spent_Small_value_payments,117.0291074,Standard
5850,13651,1,Laurence Frosty,26,84253745,Musician,97791.42,8079.285,6,6,12,0,No Data,18,8,17.92,1,Standard,107.41,25.71557884,326,Yes,0,77.60922834,Low_spent_Small_value_payments,646.6819806,Standard
5851,13651,2,Laurence Frosty,26,84253745,Musician,97791.42,8079.285,6,6,12,0,No Data,18,8,11.92,1,Standard,107.41,28.71120252,327,Yes,0,77.60922834,Low_spent_Large_value_payments,755.2081803,Standard
5852,13651,3,Laurence Frosty,26,84253745,Musician,97791.42,8079.285,6,6,12,0,No Data,18,7,17.92,1,Standard,107.41,34.92287233,328,Yes,0,77.60922834,High_spent_Medium_value_payments,881.6642742,Standard
5853,13651,4,Laurence Frosty,26,84253745,Musician,97791.42,7449.469347,6,6,12,0,No Data,19,8,15.92,1,Standard,107.41,26.51363149,329,Yes,629.8156531,77.60922834,Low_spent_Medium_value_payments,588.68348,Good
5854,13651,5,Laurence Frosty,26,84253745,Musician,97791.42,7449.469347,6,6,12,0,No Data,18,8,17.92,1,Standard,107.41,38.64911431,330,Yes,629.8156531,77.60922834,High_spent_Large_value_payments,970.3192717,Good
5855,13651,6,Laurence Frosty,26,84253745,Musician,97791.42,7449.469347,6,6,12,0,No Data,16,8,17.92,1,Standard,107.41,44.67688859,331,Yes,629.8156531,77.60922834,High_spent_Large_value_payments,939.6245614,Good
5856,13651,7,Laurence Frosty,26,84253745,Musician,97791.42,7449.469347,6,6,12,0,No Data,18,8,13.92,1,Standard,107.41,28.80734982,332,Yes,629.8156531,77.60922834,Low_spent_Large_value_payments,334.3876987,Standard
5857,13651,8,Laurence Frosty,26,84253745,Musician,97791.42,7449.469347,6,6,12,0,No Data,18,8,17.92,1,Standard,107.41,33.8944426,333,Yes,629.8156531,77.60922834,High_spent_Medium_value_payments,947.6102964,Good
5862,16640,1,Reema,31,68834394,Entrepreneur,19300.34,1512.361667,6,7,17,5,"mortgage loan,debt consolidation loan,payday loan,auto loan,not specified",52,19,9.95,7,Bad,2430.21,29.93418573,218,Yes,49.57206224,44.50950985,Low_spent_Small_value_payments,312.4876886,Poor
5863,16640,2,Reema,31,68834394,Entrepreneur,19300.34,1512.361667,6,7,17,5,"mortgage loan,debt consolidation loan,payday loan,auto loan,not specified",51,18,9.95,7,Bad,2430.21,36.64120358,219,NM,49.57206224,44.50950985,High_spent_Small_value_payments,306.3658914,Poor
5864,16640,3,Reema,31,68834394,Entrepreneur,19300.34,1512.361667,6,7,17,5,"mortgage loan,debt consolidation loan,payday loan,auto loan,not specified",48,19,15.95,7,Bad,2430.21,37.62486247,220,Yes,49.57206224,44.50950985,Low_spent_Large_value_payments,230.8455085,Poor
5865,16640,4,Reema,31,68834394,Entrepreneur,19300.34,1512.361667,6,7,17,5,"mortgage loan,debt consolidation loan,payday loan,auto loan,not specified",51,19,9.95,7,Bad,2430.21,28.87038692,221,Yes,49.57206224,44.50950985,High_spent_Small_value_payments,300.2360745,Standard
5866,16640,5,Reema,32,68834394,Entrepreneur,19300.34,1512.361667,6,7,17,5,"mortgage loan,debt consolidation loan,payday loan,auto loan,not specified",51,19,9.95,7,Bad,2430.21,28.05884596,222,Yes,49.57206224,44.50950985,Low_spent_Small_value_payments,218.6215536,Poor
5867,16640,6,Reema,32,68834394,Entrepreneur,19300.34,1512.361667,6,7,17,5,"mortgage loan,debt consolidation loan,payday loan,auto loan,not specified",51,17,9.95,8,Bad,2430.21,25.84779062,223,Yes,49.57206224,44.50950985,Low_spent_Large_value_payments,288.2166556,Poor
5868,16640,7,Reema,32,68834394,Entrepreneur,19300.34,1512.361667,6,7,17,5,"mortgage loan,debt consolidation loan,payday loan,auto loan,not specified",51,19,8.95,8,Bad,2430.21,25.84314494,224,Yes,49.57206224,44.50950985,Low_spent_Large_value_payments,250.6886146,Poor
5869,16640,8,Reema,32,68834394,Entrepreneur,19300.34,1512.361667,6,7,17,5,"mortgage loan,debt consolidation loan,payday loan,auto loan,not specified",53,19,9.95,8,Bad,2430.21,23.70919322,225,Yes,49.57206224,44.50950985,Low_spent_Medium_value_payments,263.4785537,Standard
5874,4911,1,Mark Felsenthald,41,561609294,Musician,19514.88,1828.24,7,5,17,0,No Data,30,12,4.17,2,Standard,881.4,26.08454275,231,NM,0,43.31582446,High_spent_Medium_value_payments,382.6802729,Standard
5875,4911,2,Mark Felsenthald,41,561609294,Musician,19514.88,1828.24,7,5,17,0,No Data,30,14,4.17,2,Standard,881.4,25.66585678,232,No,0,43.31582446,High_spent_Large_value_payments,381.8960652,Standard
5876,4911,3,Mark Felsenthald,41,561609294,Musician,19514.88,1828.24,7,5,17,0,No Data,30,12,4.17,2,Standard,881.4,33.66946005,233,No,0,43.31582446,High_spent_Medium_value_payments,389.5081755,Standard
5877,4911,4,Mark Felsenthald,41,561609294,Musician,19514.88,1828.24,7,5,17,0,No Data,30,12,4.17,2,Standard,881.4,34.50370724,234,No,0,43.31582446,High_spent_Medium_value_payments,387.4351797,Poor
5878,4911,5,Mark Felsenthald,41,561609294,Musician,19514.88,1828.24,7,5,17,0,No Data,30,12,4.17,2,Standard,881.4,41.1763842,235,No,0,43.31582446,Low_spent_Small_value_payments,304.4825371,Poor
5879,4911,6,Mark Felsenthald,41,561609294,Musician,19514.88,1828.24,7,5,17,0,No Data,30,12,4.17,2,Standard,881.4,38.78807246,236,No,0,43.31582446,Low_spent_Small_value_payments,321.4463602,Poor
5880,4911,7,Mark Felsenthald,41,561609294,Musician,19514.88,1828.24,7,5,17,0,No Data,30,15,4.17,2,Standard,881.4,27.18248277,237,No,0,43.31582446,Low_spent_Medium_value_payments,278.19284,Poor
5881,4911,8,Mark Felsenthald,41,561609294,Musician,19514.88,1828.24,7,5,17,0,No Data,26,11,4.17,4,Standard,881.4,28.78188778,238,No,0,43.31582446,High_spent_Small_value_payments,343.6824585,Poor
5886,41326,1,Lee Chyenz,41,905507912,Media_Manager,10183.015,1074.584583,7,5,17,5,"credit-builder loan,mortgage loan,mortgage loan,credit-builder loan,student loan",48,21,8.97,6,Bad,1672.43,25.95127289,121,Yes,37.58807284,14.62273924,High_spent_Large_value_payments,295.2476463,Poor
5887,41326,2,Lee Chyenz,41,905507912,Media_Manager,10183.015,1074.584583,7,5,17,5,"credit-builder loan,mortgage loan,mortgage loan,credit-builder loan,student loan",48,18,7.97,6,Bad,1672.43,32.38559762,122,NM,37.58807284,14.62273924,Low_spent_Small_value_payments,267.5084355,Poor
5888,41326,3,Lee Chyenz,41,905507912,Media_Manager,10183.015,1074.584583,7,5,17,5,"credit-builder loan,mortgage loan,mortgage loan,credit-builder loan,student loan",48,23,7.97,6,Bad,1672.43,23.73134791,123,Yes,37.58807284,14.62273924,Low_spent_Small_value_payments,267.9864136,Poor
5889,41326,4,Lee Chyenz,41,905507912,Media_Manager,10183.015,1074.584583,7,5,17,5,"credit-builder loan,mortgage loan,mortgage loan,credit-builder loan,student loan",43,20,7.97,6,Bad,1672.43,27.61417778,124,Yes,37.58807284,14.62273924,High_spent_Small_value_payments,283.0599697,Standard
5890,41326,5,Lee Chyenz,41,905507912,Media_Manager,10183.015,1074.584583,7,5,17,5,"credit-builder loan,mortgage loan,mortgage loan,credit-builder loan,student loan",51,21,7.97,6,Bad,1672.43,32.29348991,125,Yes,37.58807284,14.62273924,Low_spent_Small_value_payments,294.0391239,Poor
5891,41326,6,Lee Chyenz,42,905507912,Media_Manager,10183.015,1074.584583,7,5,17,5,"credit-builder loan,mortgage loan,mortgage loan,credit-builder loan,student loan",48,24,10.97,6,Bad,1672.43,25.10540255,126,Yes,37.58807284,14.62273924,Low_spent_Small_value_payments,285.9705245,Poor
5892,41326,7,Lee Chyenz,42,905507912,Media_Manager,10183.015,1074.584583,7,5,17,5,"credit-builder loan,mortgage loan,mortgage loan,credit-builder loan,student loan",52,21,7.97,6,Bad,1672.43,24.71382399,127,Yes,37.58807284,14.62273924,Low_spent_Small_value_payments,298.0066579,Poor
5893,41326,8,Lee Chyenz,42,905507912,Media_Manager,10183.015,1074.584583,7,5,17,5,"credit-builder loan,mortgage loan,mortgage loan,credit-builder loan,student loan",48,21,7.97,6,Bad,1672.43,36.83702882,128,Yes,37.58807284,14.62273924,Low_spent_Small_value_payments,288.7476381,Poor
5898,44166,1,Nickb,19,28164402,Entrepreneur,106733.13,8873.4275,4,4,1,0,No Data,10,8,0.86,0,Good,76.23,29.81589563,393,No,0,172.0328285,Low_spent_Large_value_payments,768.9823963,Good
5899,44166,2,Nickb,20,28164402,Entrepreneur,106733.13,8873.4275,4,4,1,0,No Data,5,7,0.86,0,Good,76.23,28.10808629,394,No,0,172.0328285,Low_spent_Small_value_payments,370.1359732,Good
5900,44166,3,Nickb,20,28164402,Entrepreneur,106733.13,8873.4275,4,4,1,0,No Data,2,6,0.86,0,Good,76.23,42.0704586,395,No,0,172.0328285,High_spent_Large_value_payments,955.3099215,Good
5901,44166,4,Nickb,20,28164402,Entrepreneur,106733.13,8873.4275,4,4,1,0,No Data,5,7,0.86,0,Good,76.23,25.84254794,396,No,0,172.0328285,Low_spent_Large_value_payments,513.0553563,Good
5902,44166,5,Nickb,20,28164402,Entrepreneur,106733.13,8873.4275,4,4,1,0,No Data,5,6,0.86,0,Good,76.23,28.82055378,397,No,0,172.0328285,High_spent_Medium_value_payments,791.7336146,Good
5903,44166,6,Nickb,20,28164402,Entrepreneur,106733.13,8873.4275,4,4,1,0,No Data,5,6,0.86,0,Good,76.23,31.7276036,398,No,0,172.0328285,High_spent_Medium_value_payments,913.0316547,Standard
5904,44166,7,Nickb,20,28164402,Entrepreneur,106733.13,8873.4275,4,4,1,0,No Data,9,4,0.86,1,Good,76.23,43.66511841,399,No,0,172.0328285,High_spent_Large_value_payments,936.3073774,Standard
5905,44166,8,Nickb,20,28164402,Entrepreneur,106733.13,8873.4275,4,4,1,0,No Data,7,6,0.86,1,Good,76.23,39.24363978,400,No,0,172.0328285,High_spent_Large_value_payments,792.5790252,Standard
5910,23368,1,McBrideq,31,706950150,Lawyer,12600.445,782.0370833,5,5,10,3,"not specified,student loan,student loan",28,19,15.79,7,Standard,569.8,33.07588357,147,Yes,26.06034753,0,High_spent_Large_value_payments,284.2982045,Standard
5911,23368,2,McBrideq,31,706950150,Lawyer,12600.445,782.0370833,5,5,10,3,"not specified,student loan,student loan",25,18,15.79,7,Standard,569.8,38.15374126,148,Yes,26.06034753,0,Low_spent_Small_value_payments,238.9847429,Standard
5912,23368,3,McBrideq,31,706950150,Lawyer,12600.445,782.0370833,5,5,10,3,"not specified,student loan,student loan",25,16,15.79,7,Standard,569.8,23.17983274,149,Yes,26.06034753,0,Low_spent_Small_value_payments,310.1170529,Standard
5913,23368,4,McBrideq,32,706950150,Lawyer,12600.445,782.0370833,5,5,10,3,"not specified,student loan,student loan",25,18,15.79,7,Standard,569.8,28.81940706,150,Yes,26.06034753,0,Low_spent_Medium_value_payments,300.9941629,Poor
5914,23368,5,McBrideq,32,706950150,Lawyer,12600.445,782.0370833,5,5,10,3,"not specified,student loan,student loan",20,19,15.79,7,Standard,569.8,37.24021434,151,Yes,26.06034753,0,Low_spent_Small_value_payments,301.0607241,Poor
5915,23368,6,McBrideq,32,706950150,Lawyer,12600.445,782.0370833,5,5,10,3,"not specified,student loan,student loan",25,19,15.79,7,Standard,569.8,36.52748004,152,Yes,26.06034753,0,Low_spent_Small_value_payments,294.1352941,Poor
5916,23368,7,McBrideq,32,706950150,Lawyer,12600.445,782.0370833,5,5,10,3,"not specified,student loan,student loan",25,20,21.79,7,Standard,569.8,34.12530593,153,Yes,26.06034753,0,Low_spent_Medium_value_payments,275.2344649,Poor
5917,23368,8,McBrideq,32,706950150,Lawyer,12600.445,782.0370833,5,5,10,3,"not specified,student loan,student loan",25,19,15.79,11,Standard,569.8,31.97887352,154,Yes,26.06034753,0,Low_spent_Small_value_payments,275.7697808,Poor
5922,42489,1,Rickt,34,189095267,Mechanic,57983.12,4720.926667,9,8,31,8,"payday loan,not specified,credit-builder loan,debt consolidation loan,payday loan,not specified,student loan,student loan",47,19,7.27,12,Bad,3532.83,32.32176946,147,Yes,200.4326134,159.136722,Low_spent_Small_value_payments,295.9538413,Poor
5923,42489,2,Rickt,34,189095267,Mechanic,57983.12,4720.926667,9,8,31,8,"payday loan,not specified,credit-builder loan,debt consolidation loan,payday loan,not specified,student loan,student loan",53,21,7.27,17,Bad,3532.83,37.87364187,147,Yes,200.4326134,159.136722,High_spent_Medium_value_payments,327.7866778,Standard
5924,42489,3,Rickt,34,189095267,Mechanic,57983.12,4720.926667,9,8,31,8,"payday loan,not specified,credit-builder loan,debt consolidation loan,payday loan,not specified,student loan,student loan",48,21,7.27,17,Bad,3532.83,37.81024309,148,Yes,200.4326134,159.136722,Low_spent_Small_value_payments,27.30187488,Poor
5925,42489,4,Rickt,34,189095267,Mechanic,57983.12,4720.926667,9,8,31,8,"payday loan,not specified,credit-builder loan,debt consolidation loan,payday loan,not specified,student loan,student loan",48,22,7.27,17,Bad,3532.83,32.56739684,149,Yes,200.4326134,159.136722,High_spent_Medium_value_payments,324.0195577,Poor
5926,42489,5,Rickt,34,189095267,Mechanic,57983.12,4720.926667,9,8,31,8,"payday loan,not specified,credit-builder loan,debt consolidation loan,payday loan,not specified,student loan,student loan",48,21,10.27,17,Bad,3532.83,37.28428974,150,Yes,200.4326134,159.136722,Low_spent_Small_value_payments,356.409901,Poor
5927,42489,6,Rickt,34,189095267,Mechanic,57983.12,4720.926667,9,8,31,8,"payday loan,not specified,credit-builder loan,debt consolidation loan,payday loan,not specified,student loan,student loan",46,21,7.27,17,Bad,3532.83,35.2573783,151,Yes,200.4326134,159.136722,Low_spent_Small_value_payments,27.30187488,Standard
5928,42489,7,Rickt,34,189095267,Mechanic,57983.12,4720.926667,9,8,31,8,"payday loan,not specified,credit-builder loan,debt consolidation loan,payday loan,not specified,student loan,student loan",49,21,7.27,17,Bad,3532.83,24.63149693,152,Yes,200.4326134,159.136722,Low_spent_Medium_value_payments,316.9280132,Standard
5929,42489,8,Rickt,34,189095267,Mechanic,57983.12,4720.926667,9,8,31,8,"payday loan,not specified,credit-builder loan,debt consolidation loan,payday loan,not specified,student loan,student loan",48,24,7.27,17,Bad,3532.83,24.7263513,153,Yes,200.4326134,159.136722,High_spent_Medium_value_payments,362.5233313,Poor
5934,19779,1,Reijik,48,13390742,Entrepreneur,20787.69,1999.3075,8,6,14,3,"home equity loan,credit-builder loan,home equity loan",22,14,1.13,3,Standard,614.6,23.72318578,214,No,42.22199266,21.74553123,Low_spent_Small_value_payments,253.3256224,Standard
5935,19779,2,Reijik,48,13390742,Entrepreneur,20787.69,1999.3075,8,6,14,3,"home equity loan,credit-builder loan,home equity loan",24,14,1.13,3,Standard,614.6,34.23585268,215,No,42.22199266,21.74553123,Low_spent_Large_value_payments,345.081577,Standard
5936,19779,3,Reijik,48,13390742,Entrepreneur,20787.69,1999.3075,8,6,14,3,"home equity loan,credit-builder loan,home equity loan",22,14,1.13,3,Standard,614.6,22.80214523,216,No,42.22199266,21.74553123,Low_spent_Small_value_payments,337.5366617,Standard
5937,19779,4,Reijik,48,13390742,Entrepreneur,20787.69,1999.3075,8,6,14,3,"home equity loan,credit-builder loan,home equity loan",22,12,1.13,3,Standard,614.6,37.06719824,217,No,42.22199266,21.74553123,Low_spent_Large_value_payments,337.8339084,Standard
5938,19779,5,Reijik,48,13390742,Entrepreneur,20787.69,1999.3075,8,6,14,3,"home equity loan,credit-builder loan,home equity loan",22,14,1.13,3,Standard,614.6,29.33902944,218,No,42.22199266,21.74553123,Low_spent_Small_value_payments,292.2478133,Standard
5939,19779,6,Reijik,48,13390742,Entrepreneur,20787.69,1999.3075,8,6,14,3,"home equity loan,credit-builder loan,home equity loan",22,14,1.13,3,Standard,614.6,30.44242522,219,No,42.22199266,21.74553123,High_spent_Large_value_payments,369.0713964,Standard
5940,19779,7,Reijik,48,13390742,Entrepreneur,20787.69,1999.3075,8,6,14,3,"home equity loan,credit-builder loan,home equity loan",23,14,1.13,3,Standard,614.6,26.11024342,220,No,42.22199266,21.74553123,Low_spent_Small_value_payments,189.4935835,Standard
5941,19779,8,Reijik,48,13390742,Entrepreneur,20787.69,1999.3075,8,6,14,3,"home equity loan,credit-builder loan,home equity loan",22,14,8.13,3,Standard,614.6,35.34418762,221,No,42.22199266,21.74553123,High_spent_Large_value_payments,375.9632261,Standard
5946,47455,1,Ashleyk,30,467131148,Writer,34290.12,2697.51,9,8,25,7,"home equity loan,credit-builder loan,credit-builder loan,home equity loan,debt consolidation loan,mortgage loan,auto loan",52,10,17.96,9,Standard,2686.81,39.28029559,164,NM,185.1119826,50.45037518,Low_spent_Large_value_payments,106.5690601,Poor
5947,47455,2,Ashleyk,30,467131148,Writer,34290.12,2697.51,9,8,25,7,"home equity loan,credit-builder loan,credit-builder loan,home equity loan,debt consolidation loan,mortgage loan,auto loan",47,9,13.96,9,Standard,2686.81,27.03684229,165,NM,185.1119826,50.45037518,Low_spent_Large_value_payments,196.5585016,Standard
5948,47455,3,Ashleyk,30,467131148,Writer,34290.12,2697.51,9,8,25,7,"home equity loan,credit-builder loan,credit-builder loan,home equity loan,debt consolidation loan,mortgage loan,auto loan",52,6,12.96,9,Standard,2686.81,29.01885043,166,Yes,185.1119826,50.45037518,High_spent_Medium_value_payments,274.0494813,Standard
5949,47455,4,Ashleyk,30,467131148,Writer,34290.12,2697.51,9,8,25,7,"home equity loan,credit-builder loan,credit-builder loan,home equity loan,debt consolidation loan,mortgage loan,auto loan",52,7,13.96,9,Standard,2686.81,36.16398913,167,NM,185.1119826,50.45037518,Low_spent_Large_value_payments,255.1642434,Poor
5950,47455,5,Ashleyk,30,467131148,Writer,34290.12,2697.51,9,8,25,7,"home equity loan,credit-builder loan,credit-builder loan,home equity loan,debt consolidation loan,mortgage loan,auto loan",52,12,13.96,9,Standard,2686.81,33.84186604,168,Yes,185.1119826,50.45037518,Low_spent_Small_value_payments,44.56717524,Poor
5951,47455,6,Ashleyk,30,467131148,Writer,34290.12,2697.51,9,8,25,7,"home equity loan,credit-builder loan,credit-builder loan,home equity loan,debt consolidation loan,mortgage loan,auto loan",52,12,13.96,9,Standard,2686.81,24.22255486,169,Yes,185.1119826,50.45037518,High_spent_Medium_value_payments,225.6921063,Poor
5952,47455,7,Ashleyk,30,467131148,Writer,34290.12,2697.51,9,8,25,7,"home equity loan,credit-builder loan,credit-builder loan,home equity loan,debt consolidation loan,mortgage loan,auto loan",52,12,13.96,13,Standard,2686.81,35.11893274,170,Yes,185.1119826,50.45037518,Low_spent_Large_value_payments,150.5458134,Standard
5953,47455,8,Ashleyk,30,467131148,Writer,34290.12,2697.51,9,8,25,7,"home equity loan,credit-builder loan,credit-builder loan,home equity loan,debt consolidation loan,mortgage loan,auto loan",52,9,13.96,13,Standard,2686.81,36.82064895,171,Yes,185.1119826,50.45037518,High_spent_Small_value_payments,249.7218009,Poor
5958,16092,1,Williamso,32,663163845,Accountant,43070.24,3622.186667,3,3,18,1,debt consolidation loan,11,8,8.97,4,Standard,1233.1,27.98070066,230,Yes,30.57608482,28.18714604,Low_spent_Small_value_payments,224.6403329,Standard
5959,16092,2,Williamso,32,663163845,Accountant,43070.24,3622.186667,3,3,18,1,debt consolidation loan,13,8,14.97,4,Standard,1233.1,28.07129186,231,Yes,30.57608482,28.18714604,Low_spent_Small_value_payments,177.7239077,Standard
5960,16092,3,Williamso,32,663163845,Accountant,43070.24,3622.186667,3,3,18,1,debt consolidation loan,15,8,12.97,4,Standard,1233.1,28.36116615,232,Yes,30.57608482,28.18714604,High_spent_Large_value_payments,521.133433,Standard
5961,16092,4,Williamso,32,663163845,Accountant,43070.24,3622.186667,3,3,18,1,debt consolidation loan,11,8,8.97,4,Standard,1233.1,24.33177176,233,Yes,30.57608482,28.18714604,High_spent_Medium_value_payments,506.722207,Standard
5962,16092,5,Williamso,32,663163845,Accountant,43070.24,3622.186667,3,3,18,1,debt consolidation loan,10,8,8.97,8,Standard,1233.1,26.44753733,234,Yes,30.57608482,28.18714604,Low_spent_Large_value_payments,423.5472234,Standard
5963,16092,6,Williamso,32,663163845,Accountant,43070.24,3622.186667,3,3,18,1,debt consolidation loan,8,8,4.97,8,Standard,1233.1,39.06984399,235,Yes,30.57608482,28.18714604,High_spent_Large_value_payments,530.3086018,Standard
5964,16092,7,Williamso,32,663163845,Accountant,43070.24,3622.186667,3,3,18,1,debt consolidation loan,11,8,8.97,8,Standard,1233.1,34.71864364,236,Yes,30.57608482,28.18714604,Low_spent_Large_value_payments,493.019135,Standard
5965,16092,8,Williamso,32,663163845,Accountant,43070.24,3622.186667,3,3,18,1,debt consolidation loan,11,8,8.97,8,Standard,1233.1,26.36569955,237,Yes,30.57608482,28.18714604,Low_spent_Large_value_payments,218.125773,Standard
5970,49150,1,Dhanya Skariachano,40,311137309,Architect,28572.39,2210.0325,6,3,15,3,"payday loan,not specified,auto loan",25,12,4.89,0,Standard,400.07,24.42225068,363,Yes,69.60292048,25.9934623,High_spent_Large_value_payments,348.5498224,Standard
5971,49150,2,Dhanya Skariachano,40,311137309,Architect,28572.39,2210.0325,6,3,15,3,"payday loan,not specified,auto loan",25,9,4.89,0,Standard,400.07,36.43787042,364,NM,69.60292048,25.9934623,Low_spent_Large_value_payments,358.3561205,Standard
5972,49150,3,Dhanya Skariachano,40,311137309,Architect,28572.39,2210.0325,6,3,15,3,"payday loan,not specified,auto loan",28,10,4.89,0,Standard,400.07,29.3235169,365,Yes,69.60292048,25.9934623,High_spent_Medium_value_payments,347.9161262,Standard
5973,49150,4,Dhanya Skariachano,40,311137309,Architect,28572.39,2210.0325,6,3,15,3,"payday loan,not specified,auto loan",25,14,4.89,0,Standard,400.07,34.71456104,366,Yes,69.60292048,25.9934623,High_spent_Medium_value_payments,375.4068672,Standard
5974,49150,5,Dhanya Skariachano,40,311137309,Architect,28572.39,2210.0325,6,3,15,3,"payday loan,not specified,auto loan",25,12,4.89,2,Standard,400.07,37.50455238,367,Yes,69.60292048,25.9934623,High_spent_Medium_value_payments,339.7722204,Standard
5975,49150,6,Dhanya Skariachano,40,311137309,Architect,28572.39,2210.0325,6,3,15,3,"payday loan,not specified,auto loan",25,11,4.89,2,Standard,400.07,35.6939494,368,Yes,69.60292048,25.9934623,Low_spent_Small_value_payments,312.1354949,Standard
5976,49150,7,Dhanya Skariachano,40,311137309,Architect,28572.39,2210.0325,6,3,15,3,"payday loan,not specified,auto loan",25,13,4.89,2,Standard,400.07,35.02588279,369,Yes,69.60292048,25.9934623,Low_spent_Small_value_payments,364.7925206,Standard
5977,49150,8,Dhanya Skariachano,40,311137309,Architect,28572.39,2210.0325,6,3,15,3,"payday loan,not specified,auto loan",25,12,4.89,2,Standard,400.07,23.17761748,370,Yes,69.60292048,25.9934623,High_spent_Large_value_payments,339.5694705,Standard
5982,46721,1,Sarahb,37,904887361,Manager,39641.54,3007.461667,10,8,25,6,"auto loan,student loan,payday loan,payday loan,mortgage loan,debt consolidation loan",61,13,1.54,6,Bad,2258.73,34.12570493,105,Yes,172.3825274,115.7067975,Low_spent_Large_value_payments,151.4486141,Poor
5983,46721,2,Sarahb,37,904887361,Manager,39641.54,3007.461667,10,8,25,6,"auto loan,student loan,payday loan,payday loan,mortgage loan,debt consolidation loan",61,16,1.54,8,Bad,2258.73,33.41459804,105,NM,172.3825274,115.7067975,Low_spent_Large_value_payments,162.2860574,Poor
5984,46721,3,Sarahb,37,904887361,Manager,39641.54,3007.461667,10,8,25,6,"auto loan,student loan,payday loan,payday loan,mortgage loan,debt consolidation loan",61,15,1.54,8,Bad,2258.73,27.5728629,106,Yes,172.3825274,115.7067975,High_spent_Small_value_payments,190.3215159,Poor
5985,46721,4,Sarahb,37,904887361,Manager,39641.54,3007.461667,10,8,25,6,"auto loan,student loan,payday loan,payday loan,mortgage loan,debt consolidation loan",61,16,1.54,8,Bad,2258.73,32.4134468,107,Yes,172.3825274,115.7067975,Low_spent_Small_value_payments,164.3425194,Poor
5986,46721,5,Sarahb,37,904887361,Manager,39641.54,3007.461667,10,8,25,6,"auto loan,student loan,payday loan,payday loan,mortgage loan,debt consolidation loan",61,16,1.54,8,Bad,2258.73,25.98322951,108,Yes,172.3825274,115.7067975,Low_spent_Large_value_payments,154.1032668,Standard
5987,46721,6,Sarahb,37,904887361,Manager,39641.54,3007.461667,10,8,25,6,"auto loan,student loan,payday loan,payday loan,mortgage loan,debt consolidation loan",61,16,1.54,8,Bad,2258.73,27.91283759,109,Yes,172.3825274,115.7067975,Low_spent_Small_value_payments,296.2151883,Poor
5988,46721,7,Sarahb,37,904887361,Manager,39641.54,3007.461667,10,8,25,6,"auto loan,student loan,payday loan,payday loan,mortgage loan,debt consolidation loan",61,14,1.54,8,Bad,2258.73,23.19650853,110,Yes,172.3825274,115.7067975,Low_spent_Large_value_payments,237.6910948,Poor
5989,46721,8,Sarahb,38,904887361,Manager,39641.54,3007.461667,10,8,25,6,"auto loan,student loan,payday loan,payday loan,mortgage loan,debt consolidation loan",61,13,1.54,8,Bad,2258.73,34.8490497,111,Yes,172.3825274,115.7067975,Low_spent_Large_value_payments,249.0958331,Poor
5994,39537,1,Mukhopadhyayc,54,889072357,Scientist,20186.02,1684.168333,1,5,1,2,"auto loan,home equity loan",5,6,6.83,4,Good,413.32,35.94290749,219,No,29.53458372,14.29027335,Low_spent_Large_value_payments,334.6679091,Good
5995,39537,2,Mukhopadhyayc,54,889072357,Scientist,20186.02,1684.168333,1,5,1,2,"auto loan,home equity loan",5,6,0.83,4,Good,413.32,32.93734626,220,NM,29.53458372,14.29027335,High_spent_Large_value_payments,336.2631075,Standard
5996,39537,3,Mukhopadhyayc,55,889072357,Scientist,20186.02,1684.168333,1,5,1,2,"auto loan,home equity loan",4,3,6.83,4,Good,413.32,31.86173627,221,No,29.53458372,14.29027335,High_spent_Medium_value_payments,362.591773,Good
5997,39537,4,Mukhopadhyayc,55,889072357,Scientist,20186.02,1684.168333,1,5,1,2,"auto loan,home equity loan",5,6,6.83,4,Good,413.32,22.7435821,222,No,29.53458372,14.29027335,High_spent_Small_value_payments,294.1584161,Good
5998,39537,5,Mukhopadhyayc,55,889072357,Scientist,20186.02,1684.168333,1,5,1,2,"auto loan,home equity loan",5,7,6.83,4,Good,413.32,39.06398122,223,No,29.53458372,14.29027335,Low_spent_Large_value_payments,270.0790921,Standard
5999,39537,6,Mukhopadhyayc,55,889072357,Scientist,20186.02,1684.168333,1,5,1,2,"auto loan,home equity loan",5,7,6.83,4,Good,413.32,28.83634916,224,No,29.53458372,14.29027335,High_spent_Medium_value_payments,319.9255247,Good
6000,39537,7,Mukhopadhyayc,55,889072357,Scientist,20186.02,1684.168333,1,5,1,2,"auto loan,home equity loan",5,6,6.83,4,Good,413.32,36.05869702,225,No,29.53458372,14.29027335,Low_spent_Small_value_payments,307.1168234,Standard
6001,39537,8,Mukhopadhyayc,55,889072357,Scientist,20186.02,1684.168333,1,5,1,2,"auto loan,home equity loan",5,6,6.83,4,Good,413.32,33.75820397,226,No,29.53458372,14.29027335,Low_spent_Medium_value_payments,265.3434532,Standard
6006,24648,1,Ayeshaz,43,425476723,Musician,18627.64,1387.303333,7,7,19,6,"payday loan,not specified,student loan,credit-builder loan,credit-builder loan,payday loan",31,21,5.07,7,Bad,1793.54,38.97966115,225,NM,65.13948778,24.34618841,High_spent_Medium_value_payments,275.1508622,Poor
6007,24648,2,Ayeshaz,43,425476723,Musician,18627.64,1387.303333,7,7,19,6,"payday loan,not specified,student loan,credit-builder loan,credit-builder loan,payday loan",31,21,5.07,7,Bad,1793.54,35.03034908,226,Yes,65.13948778,24.34618841,Low_spent_Medium_value_payments,299.7575858,Poor
6008,24648,3,Ayeshaz,43,425476723,Musician,18627.64,1387.303333,7,7,19,6,"payday loan,not specified,student loan,credit-builder loan,credit-builder loan,payday loan",31,21,5.07,7,Bad,1793.54,27.19720883,227,Yes,65.13948778,24.34618841,Low_spent_Small_value_payments,258.441696,Poor
6009,24648,4,Ayeshaz,43,425476723,Musician,18627.64,1387.303333,7,7,19,6,"payday loan,not specified,student loan,credit-builder loan,credit-builder loan,payday loan",31,22,5.07,7,Bad,1793.54,35.91940493,228,Yes,65.13948778,24.34618841,Low_spent_Medium_value_payments,277.7994567,Standard
6010,24648,5,Ayeshaz,43,425476723,Musician,18627.64,1387.303333,7,7,19,6,"payday loan,not specified,student loan,credit-builder loan,credit-builder loan,payday loan",31,21,5.07,7,Bad,1793.54,25.5852052,229,Yes,65.13948778,24.34618841,High_spent_Large_value_payments,289.2446572,Poor
6011,24648,6,Ayeshaz,43,425476723,Musician,18627.64,1387.303333,7,7,19,6,"payday loan,not specified,student loan,credit-builder loan,credit-builder loan,payday loan",31,21,6.07,7,Bad,1793.54,35.706437,230,Yes,65.13948778,24.34618841,Low_spent_Medium_value_payments,243.9988133,Poor
6012,24648,7,Ayeshaz,43,425476723,Musician,18627.64,1387.303333,7,7,19,6,"payday loan,not specified,student loan,credit-builder loan,credit-builder loan,payday loan",26,21,5.07,7,Bad,1793.54,23.24548155,231,Yes,65.13948778,24.34618841,Low_spent_Small_value_payments,259.362866,Poor
6013,24648,8,Ayeshaz,44,425476723,Musician,18627.64,1387.303333,7,7,19,6,"payday loan,not specified,student loan,credit-builder loan,credit-builder loan,payday loan",31,18,5.07,7,Bad,1793.54,38.78895429,232,Yes,65.13948778,24.34618841,Low_spent_Small_value_payments,264.7866558,Poor
6018,38325,1,Lisa Baertleinu,21,602551355,Engineer,12986.745,959.22875,4,3,10,2,"mortgage loan,payday loan",30,14,11.8,5,Standard,1489.49,26.32926887,104,Yes,16.71930023,16.28671936,High_spent_Medium_value_payments,312.9168554,Standard
6019,38325,2,Lisa Baertleinu,21,602551355,Engineer,12986.745,959.22875,4,3,10,2,"mortgage loan,payday loan",29,17,11.8,7,Standard,1489.49,24.61461029,105,Yes,16.71930023,16.28671936,Low_spent_Medium_value_payments,315.0105713,Standard
6020,38325,3,Lisa Baertleinu,21,602551355,Engineer,12986.745,959.22875,4,3,10,2,"mortgage loan,payday loan",30,20,11.8,7,Standard,1489.49,26.15307798,106,Yes,16.71930023,16.28671936,Low_spent_Medium_value_payments,311.9368943,Standard
6021,38325,4,Lisa Baertleinu,21,602551355,Engineer,12986.745,959.22875,4,3,10,2,"mortgage loan,payday loan",30,15,11.8,7,Standard,1489.49,31.78179827,107,Yes,16.71930023,16.28671936,Low_spent_Large_value_payments,272.848297,Standard
6022,38325,5,Lisa Baertleinu,22,602551355,Engineer,12986.745,959.22875,4,3,10,2,"mortgage loan,payday loan",30,18,16.8,7,Standard,1489.49,37.66150545,108,Yes,16.71930023,16.28671936,Low_spent_Small_value_payments,296.8570613,Standard
6023,38325,6,Lisa Baertleinu,22,602551355,Engineer,12986.745,959.22875,4,3,10,2,"mortgage loan,payday loan",30,17,11.8,7,Standard,1489.49,26.5074745,109,Yes,16.71930023,16.28671936,Low_spent_Small_value_payments,257.9459443,Standard
6024,38325,7,Lisa Baertleinu,22,602551355,Engineer,12986.745,959.22875,4,3,10,2,"mortgage loan,payday loan",28,20,11.8,7,Standard,1489.49,30.46998162,110,Yes,16.71930023,16.28671936,Low_spent_Small_value_payments,322.4539844,Standard
6025,38325,8,Lisa Baertleinu,22,602551355,Engineer,12986.745,959.22875,4,3,10,2,"mortgage loan,payday loan",28,17,11.8,7,Standard,1489.49,32.25544266,111,Yes,16.71930023,16.28671936,Low_spent_Small_value_payments,277.374093,Standard
6030,16388,1,Carlosj,43,679266464,Writer,58317,4664.75,8,5,9,6,"mortgage loan,personal loan,home equity loan,personal loan,mortgage loan,personal loan",18,17,16.58,6,Standard,98.97,40.41111483,157,Yes,149.8971994,57.95122336,High_spent_Medium_value_payments,467.088851,Standard
6031,16388,2,Carlosj,43,679266464,Writer,58317,4664.75,8,5,9,6,"mortgage loan,personal loan,home equity loan,personal loan,mortgage loan,personal loan",18,20,16.58,6,Standard,98.97,27.80691779,158,Yes,149.8971994,57.95122336,High_spent_Medium_value_payments,483.2773924,Standard
6032,16388,3,Carlosj,44,679266464,Writer,58317,4664.75,8,5,9,6,"mortgage loan,personal loan,home equity loan,personal loan,mortgage loan,personal loan",16,20,10.58,6,Standard,98.97,25.8321089,159,Yes,149.8971994,57.95122336,High_spent_Large_value_payments,498.6265772,Standard
6033,16388,4,Carlosj,44,679266464,Writer,58317,4664.75,8,5,9,6,"mortgage loan,personal loan,home equity loan,personal loan,mortgage loan,personal loan",18,23,23.58,10,Standard,98.97,29.76610686,160,Yes,149.8971994,57.95122336,High_spent_Medium_value_payments,407.9295246,Standard
6034,16388,5,Carlosj,44,679266464,Writer,58317,4664.75,8,5,9,6,"mortgage loan,personal loan,home equity loan,personal loan,mortgage loan,personal loan",18,20,22.58,10,Standard,98.97,34.19230439,161,Yes,149.8971994,57.95122336,Low_spent_Medium_value_payments,415.7472272,Standard
6035,16388,6,Carlosj,44,679266464,Writer,58317,4664.75,8,5,9,6,"mortgage loan,personal loan,home equity loan,personal loan,mortgage loan,personal loan",18,20,16.58,10,Standard,98.97,24.6655252,162,Yes,149.8971994,57.95122336,High_spent_Medium_value_payments,467.6972928,Standard
6036,16388,7,Carlosj,44,679266464,Writer,58317,4664.75,8,5,9,6,"mortgage loan,personal loan,home equity loan,personal loan,mortgage loan,personal loan",18,20,21.58,10,Standard,98.97,28.26014675,163,Yes,149.8971994,57.95122336,Low_spent_Medium_value_payments,215.9920996,Standard
6037,16388,8,Carlosj,44,679266464,Writer,58317,4664.75,8,5,9,6,"mortgage loan,personal loan,home equity loan,personal loan,mortgage loan,personal loan",22,20,16.58,10,Standard,98.97,36.76366453,164,Yes,149.8971994,57.95122336,High_spent_Medium_value_payments,506.6218131,Standard
6042,45313,1,Andreas Cremerf,36,253912822,Scientist,42171.98,3764.331667,2,7,10,3,"auto loan,auto loan,not specified",4,10,9.58,4,Good,556.91,33.47895197,257,No,102.7629131,56.71137669,High_spent_Medium_value_payments,466.9588769,Standard
6043,45313,2,Andreas Cremerf,36,253912822,Scientist,42171.98,3764.331667,2,7,10,3,"auto loan,auto loan,not specified",4,8,2.58,4,Good,556.91,26.98611476,258,No,102.7629131,56.71137669,Low_spent_Small_value_payments,426.6872521,Standard
6044,45313,3,Andreas Cremerf,37,253912822,Scientist,42171.98,3764.331667,2,7,10,3,"auto loan,auto loan,not specified",4,10,2.58,4,Good,556.91,40.15058277,259,NM,102.7629131,56.71137669,Low_spent_Large_value_payments,446.1034972,Standard
6045,45313,4,Andreas Cremerf,37,253912822,Scientist,42171.98,3764.331667,2,7,10,3,"auto loan,auto loan,not specified",2,10,2.58,4,Good,556.91,34.42998587,260,No,102.7629131,56.71137669,Low_spent_Large_value_payments,287.9044251,Good
6046,45313,5,Andreas Cremerf,37,253912822,Scientist,42171.98,3764.331667,2,7,10,3,"auto loan,auto loan,not specified",4,10,2.58,4,Good,556.91,31.74521339,261,No,102.7629131,56.71137669,Low_spent_Large_value_payments,373.3570666,Good
6047,45313,6,Andreas Cremerf,37,253912822,Scientist,42171.98,3764.331667,2,7,10,3,"auto loan,auto loan,not specified",2,10,2.58,4,Good,556.91,29.46412058,262,NM,102.7629131,56.71137669,High_spent_Small_value_payments,451.1598549,Good
6048,45313,7,Andreas Cremerf,37,253912822,Scientist,42171.98,3764.331667,2,7,10,3,"auto loan,auto loan,not specified",4,10,2.58,4,Good,556.91,38.69215907,263,No,102.7629131,56.71137669,High_spent_Large_value_payments,431.0904514,Good
6049,45313,8,Andreas Cremerf,37,253912822,Scientist,42171.98,3764.331667,2,7,10,3,"auto loan,auto loan,not specified",4,10,2.58,4,Good,556.91,35.96285294,264,No,102.7629131,56.71137669,High_spent_Medium_value_payments,378.271011,Standard
6054,39828,1,Bri,36,734547098,Manager,71681.4,5799.45,3,6,15,1,not specified,7,8,10.44,0,Standard,1293.02,40.33902429,307,Yes,53.92351397,74.6029088,Low_spent_Small_value_payments,514.7294041,Standard
6055,39828,2,Bri,36,734547098,Manager,71681.4,5799.45,3,6,15,1,not specified,8,6,10.44,0,Standard,1293.02,29.68295387,308,Yes,53.92351397,74.6029088,High_spent_Medium_value_payments,638.6903434,Standard
6056,39828,3,Bri,36,734547098,Manager,71681.4,5799.45,3,6,15,1,not specified,8,10,10.44,0,Standard,1293.02,29.37139648,309,Yes,53.92351397,74.6029088,Low_spent_Small_value_payments,562.7017641,Standard
6057,39828,4,Bri,36,734547098,Manager,71681.4,5799.45,3,6,15,1,not specified,4,8,10.44,0,Standard,1293.02,33.04149896,310,Yes,53.92351397,74.6029088,High_spent_Large_value_payments,645.131344,Good
6058,39828,5,Bri,36,734547098,Manager,71681.4,5799.45,3,6,15,1,not specified,8,8,10.44,0,Standard,1293.02,40.79113731,311,Yes,53.92351397,74.6029088,Low_spent_Small_value_payments,358.0954,Good
6059,39828,6,Bri,36,734547098,Manager,71681.4,5799.45,3,6,15,1,not specified,5,6,10.44,0,Standard,1293.02,34.98356207,312,Yes,53.92351397,74.6029088,Low_spent_Medium_value_payments,391.1249366,Good
6060,39828,7,Bri,36,734547098,Manager,71681.4,5799.45,3,6,15,1,not specified,8,10,4.44,0,Standard,1293.02,32.73373278,313,Yes,53.92351397,74.6029088,High_spent_Large_value_payments,642.6718243,Good
6061,39828,8,Bri,36,734547098,Manager,71681.4,5799.45,3,6,15,1,not specified,8,8,10.44,0,Standard,1293.02,38.23451377,314,NM,53.92351397,74.6029088,Low_spent_Medium_value_payments,510.20959,Good
6066,16512,1,ra Alperx,16,995378920,Mechanic,29469.98,2227.831667,7,7,24,5,"personal loan,credit-builder loan,debt consolidation loan,not specified,not specified",53,21,26.94,11,Bad,3421.66,24.63965803,159,Yes,69.68545857,24.06613145,Low_spent_Small_value_payments,363.272112,Standard
6067,16512,2,ra Alperx,16,995378920,Mechanic,29469.98,2227.831667,7,7,24,5,"personal loan,credit-builder loan,debt consolidation loan,not specified,not specified",50,18,22.94,11,Bad,3421.66,30.26841053,159,NM,69.68545857,24.06613145,High_spent_Small_value_payments,287.6059398,Standard
6068,16512,3,ra Alperx,16,995378920,Mechanic,29469.98,2227.831667,7,7,24,5,"personal loan,credit-builder loan,debt consolidation loan,not specified,not specified",53,24,27.94,11,Bad,3421.66,31.21226879,160,Yes,69.68545857,24.06613145,High_spent_Large_value_payments,360.3910563,Standard
6069,16512,4,ra Alperx,16,995378920,Mechanic,29469.98,2227.831667,7,7,24,5,"personal loan,credit-builder loan,debt consolidation loan,not specified,not specified",53,21,26.94,11,Bad,3421.66,33.29865431,161,Yes,69.68545857,24.06613145,High_spent_Medium_value_payments,375.8469135,Poor
6070,16512,5,ra Alperx,16,995378920,Mechanic,29469.98,2227.831667,7,7,24,5,"personal loan,credit-builder loan,debt consolidation loan,not specified,not specified",53,21,26.94,11,Bad,3421.66,38.17731096,162,Yes,69.68545857,24.06613145,Low_spent_Medium_value_payments,361.8333223,Poor
6071,16512,6,ra Alperx,16,995378920,Mechanic,29469.98,2227.831667,7,7,24,5,"personal loan,credit-builder loan,debt consolidation loan,not specified,not specified",53,21,27.94,11,Bad,3421.66,30.98699814,163,Yes,69.68545857,24.06613145,Low_spent_Small_value_payments,325.787392,Poor
6072,16512,7,ra Alperx,16,995378920,Mechanic,29469.98,2227.831667,7,7,24,5,"personal loan,credit-builder loan,debt consolidation loan,not specified,not specified",58,24,26.94,11,Bad,3421.66,33.2830613,164,Yes,69.68545857,24.06613145,Low_spent_Small_value_payments,327.6442924,Poor
6073,16512,8,ra Alperx,16,995378920,Mechanic,29469.98,2227.831667,7,7,24,5,"personal loan,credit-builder loan,debt consolidation loan,not specified,not specified",53,21,26.94,11,Bad,3421.66,32.96295024,165,Yes,69.68545857,24.06613145,High_spent_Medium_value_payments,379.0315766,Poor
6078,28778,1,Matt Falloonz,19,431584893,Engineer,72559.36,6284.613333,4,5,17,4,"home equity loan,mortgage loan,credit-builder loan,payday loan",14,21,2.74,1,Standard,1173.7,23.28213511,335,No,215.8391706,82.49686626,Low_spent_Large_value_payments,116.8787774,Standard
6079,28778,2,Matt Falloonz,19,431584893,Engineer,72559.36,6284.613333,4,5,17,4,"home equity loan,mortgage loan,credit-builder loan,payday loan",14,22,2.74,1,Standard,1173.7,38.35585257,336,No,215.8391706,82.49686626,High_spent_Medium_value_payments,456.9011727,Standard
6080,28778,3,Matt Falloonz,20,431584893,Engineer,72559.36,6284.613333,4,5,17,4,"home equity loan,mortgage loan,credit-builder loan,payday loan",18,22,2.74,1,Standard,1173.7,25.56009927,337,NM,215.8391706,82.49686626,Low_spent_Medium_value_payments,322.1521885,Standard
6081,28778,4,Matt Falloonz,20,431584893,Engineer,72559.36,6284.613333,4,5,17,4,"home equity loan,mortgage loan,credit-builder loan,payday loan",14,18,2.74,1,Standard,1173.7,36.63682651,338,No,215.8391706,82.49686626,Low_spent_Medium_value_payments,393.9234502,Standard
6082,28778,5,Matt Falloonz,20,431584893,Engineer,72559.36,6284.613333,4,5,17,4,"home equity loan,mortgage loan,credit-builder loan,payday loan",14,21,2.74,1,Standard,1173.7,32.83357784,339,No,215.8391706,82.49686626,High_spent_Large_value_payments,535.3119038,Standard
6083,28778,6,Matt Falloonz,20,431584893,Engineer,72559.36,6284.613333,4,5,17,4,"home equity loan,mortgage loan,credit-builder loan,payday loan",16,19,2.74,1,Standard,1173.7,38.08037974,340,No,215.8391706,82.49686626,High_spent_Medium_value_payments,489.6599852,Standard
6084,28778,7,Matt Falloonz,20,431584893,Engineer,72559.36,6284.613333,4,5,17,4,"home equity loan,mortgage loan,credit-builder loan,payday loan",14,19,2.74,1,Standard,1173.7,33.16506303,341,No,215.8391706,82.49686626,High_spent_Medium_value_payments,580.1252964,Standard
6085,28778,8,Matt Falloonz,20,431584893,Engineer,72559.36,6284.613333,4,5,17,4,"home equity loan,mortgage loan,credit-builder loan,payday loan",15,19,2.74,5,Standard,1173.7,38.17098243,342,No,215.8391706,82.49686626,High_spent_Medium_value_payments,556.9042896,Standard
6090,17068,1,Lawrencea,36,700603660,Musician,15566.02,1423.168333,8,5,32,4,"home equity loan,credit-builder loan,personal loan,mortgage loan",16,20,9.24,7,Standard,1693.95,37.40993372,94,Yes,43.0705196,46.5766728,Low_spent_Small_value_payments,323.2597282,Poor
6091,17068,2,Lawrencea,36,700603660,Musician,15566.02,1423.168333,8,5,32,4,"home equity loan,credit-builder loan,personal loan,mortgage loan",17,20,9.24,7,Standard,1693.95,24.25102818,95,Yes,43.0705196,46.5766728,Low_spent_Small_value_payments,219.6253336,Poor
6092,17068,3,Lawrencea,37,700603660,Musician,15566.02,1423.168333,8,5,32,4,"home equity loan,credit-builder loan,personal loan,mortgage loan",12,19,9.24,7,Standard,1693.95,38.78765215,96,Yes,43.0705196,46.5766728,High_spent_Medium_value_payments,302.6696409,Poor
6093,17068,4,Lawrencea,37,700603660,Musician,15566.02,1423.168333,8,5,32,4,"home equity loan,credit-builder loan,personal loan,mortgage loan",17,20,9.24,9,Standard,1693.95,25.0380524,97,Yes,43.0705196,46.5766728,Low_spent_Small_value_payments,294.9469972,Standard
6094,17068,5,Lawrencea,37,700603660,Musician,15566.02,1423.168333,8,5,32,4,"home equity loan,credit-builder loan,personal loan,mortgage loan",17,20,9.24,9,Standard,1693.95,23.09179312,98,Yes,43.0705196,46.5766728,Low_spent_Small_value_payments,200.3802,Poor
6095,17068,6,Lawrencea,37,700603660,Musician,15566.02,1423.168333,8,5,32,4,"home equity loan,credit-builder loan,personal loan,mortgage loan",13,23,9.24,9,Standard,1693.95,31.33422002,99,Yes,43.0705196,46.5766728,Low_spent_Small_value_payments,257.6337922,Poor
6096,17068,7,Lawrencea,37,700603660,Musician,15566.02,1423.168333,8,5,32,4,"home equity loan,credit-builder loan,personal loan,mortgage loan",12,17,11.24,9,Standard,1693.95,29.70645377,100,Yes,43.0705196,46.5766728,Low_spent_Small_value_payments,308.7618936,Poor
6097,17068,8,Lawrencea,37,700603660,Musician,15566.02,1423.168333,8,5,32,4,"home equity loan,credit-builder loan,personal loan,mortgage loan",17,23,9.24,9,Standard,1693.95,36.57298991,101,Yes,43.0705196,46.5766728,Low_spent_Medium_value_payments,333.9677312,Standard
6102,22303,1,Emily Flitterl,18,397289675,Developer,66567.32,5800.276667,5,7,5,2,"mortgage loan,not specified",7,15,7.67,0,Standard,233.79,34.45627234,291,No,100.1893609,66.68835825,Low_spent_Small_value_payments,518.1908835,Standard
6103,22303,2,Emily Flitterl,18,397289675,Developer,66567.32,5800.276667,5,7,5,2,"mortgage loan,not specified",7,15,5.67,0,Standard,233.79,32.34982187,292,No,100.1893609,66.68835825,Low_spent_Medium_value_payments,217.7960961,Standard
6104,22303,3,Emily Flitterl,18,397289675,Developer,66567.32,5800.276667,5,7,5,2,"mortgage loan,not specified",7,12,5.67,0,Standard,233.79,33.48684838,293,No,100.1893609,66.68835825,Low_spent_Small_value_payments,217.7960961,Standard
6105,22303,4,Emily Flitterl,18,397289675,Developer,66567.32,5800.276667,5,7,5,2,"mortgage loan,not specified",7,15,4.67,0,Standard,233.79,33.29385607,294,No,100.1893609,66.68835825,Low_spent_Large_value_payments,222.9194043,Standard
6106,22303,5,Emily Flitterl,19,397289675,Developer,66567.32,5800.276667,5,7,5,2,"mortgage loan,not specified",7,15,5.67,0,Standard,233.79,26.54909964,295,No,100.1893609,66.68835825,High_spent_Large_value_payments,580.3130008,Standard
6107,22303,6,Emily Flitterl,19,397289675,Developer,66567.32,5800.276667,5,7,5,2,"mortgage loan,not specified",7,15,5.67,0,Standard,233.79,28.10570447,296,No,100.1893609,66.68835825,High_spent_Medium_value_payments,663.0604358,Standard
6108,22303,7,Emily Flitterl,19,397289675,Developer,66567.32,5800.276667,5,7,5,2,"mortgage loan,not specified",7,15,5.67,0,Standard,233.79,26.50760977,297,No,100.1893609,66.68835825,High_spent_Medium_value_payments,663.1499475,Standard
6109,22303,8,Emily Flitterl,19,397289675,Developer,66567.32,5800.276667,5,7,5,2,"mortgage loan,not specified",7,14,5.67,2,Standard,233.79,28.45378579,298,NM,100.1893609,66.68835825,High_spent_Large_value_payments,636.9940772,Standard
6114,46591,1,Nateg,32,60811328,Media_Manager,12909.895,853.8245833,5,5,13,0,No Data,22,14,7.58,1,Standard,602.5,31.35686818,205,No,0,20.44668059,Low_spent_Large_value_payments,334.9357777,Standard
6115,46591,2,Nateg,32,60811328,Media_Manager,12909.895,853.8245833,5,5,13,0,No Data,22,14,7.58,1,Standard,602.5,38.33948756,206,No,0,20.44668059,Low_spent_Small_value_payments,308.2207384,Standard
6116,46591,3,Nateg,33,60811328,Media_Manager,12909.895,853.8245833,5,5,13,0,No Data,20,14,7.58,1,Standard,602.5,32.21809912,207,No,0,20.44668059,Low_spent_Small_value_payments,261.1825069,Standard
6117,46591,4,Nateg,33,60811328,Media_Manager,12909.895,853.8245833,5,5,13,0,No Data,22,15,7.58,1,Standard,602.5,29.42723189,208,NM,0,20.44668059,Low_spent_Small_value_payments,264.4082365,Standard
6118,46591,5,Nateg,33,60811328,Media_Manager,12909.895,853.8245833,5,5,13,0,No Data,22,14,7.58,1,Standard,602.5,32.4690579,209,No,0,20.44668059,Low_spent_Small_value_payments,310.8544878,Standard
6119,46591,6,Nateg,33,60811328,Media_Manager,12909.895,853.8245833,5,5,13,0,No Data,17,14,7.58,1,Standard,602.5,35.63389379,210,No,0,20.44668059,Low_spent_Small_value_payments,334.3696317,Standard
6120,46591,7,Nateg,33,60811328,Media_Manager,12909.895,853.8245833,5,5,13,0,No Data,22,16,7.58,3,Standard,602.5,39.80429294,211,No,0,20.44668059,Low_spent_Small_value_payments,323.8929158,Standard
6121,46591,8,Nateg,33,60811328,Media_Manager,12909.895,853.8245833,5,5,13,0,No Data,22,15,7.58,3,Standard,602.5,23.57985072,212,No,0,20.44668059,Low_spent_Medium_value_payments,305.3298236,Standard
6126,27163,1,Toonkeln,33,252502326,Accountant,30788.44,2623.703333,7,9,31,6,"credit-builder loan,payday loan,home equity loan,credit-builder loan,personal loan,credit-builder loan",49,20,21.73,9,Bad,3470.08,24.61673534,14,Yes,114.5330209,53.64864334,Low_spent_Large_value_payments,185.6984956,Standard
6127,27163,2,Toonkeln,33,252502326,Accountant,30788.44,2623.703333,7,9,31,6,"credit-builder loan,payday loan,home equity loan,credit-builder loan,personal loan,credit-builder loan",49,20,21.73,9,Bad,3470.08,39.74169977,15,Yes,114.5330209,53.64864334,High_spent_Medium_value_payments,344.1886691,Standard
6128,27163,3,Toonkeln,33,252502326,Accountant,30788.44,2623.703333,7,9,31,6,"credit-builder loan,payday loan,home equity loan,credit-builder loan,personal loan,credit-builder loan",52,22,21.73,9,Bad,3470.08,39.15505442,16,Yes,114.5330209,53.64864334,Low_spent_Small_value_payments,335.4938145,Standard
6129,27163,4,Toonkeln,33,252502326,Accountant,30788.44,2623.703333,7,9,31,6,"credit-builder loan,payday loan,home equity loan,credit-builder loan,personal loan,credit-builder loan",49,20,21.73,9,Bad,3470.08,27.68144423,17,Yes,114.5330209,53.64864334,Low_spent_Small_value_payments,340.5237241,Standard
6130,27163,5,Toonkeln,33,252502326,Accountant,30788.44,2623.703333,7,9,31,6,"credit-builder loan,payday loan,home equity loan,credit-builder loan,personal loan,credit-builder loan",49,20,21.73,9,Bad,3470.08,33.46870759,18,NM,114.5330209,53.64864334,High_spent_Large_value_payments,331.9086578,Standard
6131,27163,6,Toonkeln,33,252502326,Accountant,30788.44,2623.703333,7,9,31,6,"credit-builder loan,payday loan,home equity loan,credit-builder loan,personal loan,credit-builder loan",45,21,21.73,9,Bad,3470.08,35.45708113,19,Yes,114.5330209,53.64864334,High_spent_Small_value_payments,334.8531878,Standard
6132,27163,7,Toonkeln,33,252502326,Accountant,30788.44,2623.703333,7,9,31,6,"credit-builder loan,payday loan,home equity loan,credit-builder loan,personal loan,credit-builder loan",49,20,21.73,9,Bad,3470.08,27.15981089,20,Yes,114.5330209,53.64864334,Low_spent_Small_value_payments,327.7490915,Standard
6133,27163,8,Toonkeln,33,252502326,Accountant,30788.44,2623.703333,7,9,31,6,"credit-builder loan,payday loan,home equity loan,credit-builder loan,personal loan,credit-builder loan",49,20,21.73,9,Bad,3470.08,38.25442229,21,Yes,114.5330209,53.64864334,Low_spent_Small_value_payments,195.3049632,Standard
6138,39873,1,Jaisinghanij,42,445184420,Architect,20574.47,1740.539167,6,3,14,4,"credit-builder loan,personal loan,credit-builder loan,home equity loan",6,10,13.74,6,Standard,749.95,25.82415682,131,NM,49.34866632,23.56048989,Low_spent_Small_value_payments,268.8047724,Standard
6139,39873,2,Jaisinghanij,42,445184420,Architect,20574.47,1740.539167,6,3,14,4,"credit-builder loan,personal loan,credit-builder loan,home equity loan",6,10,13.74,6,Standard,749.95,37.26323375,132,Yes,49.34866632,23.56048989,Low_spent_Small_value_payments,309.7407407,Standard
6140,39873,3,Jaisinghanij,42,445184420,Architect,20574.47,1740.539167,6,3,14,4,"credit-builder loan,personal loan,credit-builder loan,home equity loan",6,10,14.74,11,Standard,749.95,27.20801259,133,Yes,49.34866632,23.56048989,Low_spent_Small_value_payments,267.4597245,Standard
6141,39873,4,Jaisinghanij,42,445184420,Architect,20574.47,1740.539167,6,3,14,4,"credit-builder loan,personal loan,credit-builder loan,home equity loan",6,12,6.74,11,Standard,749.95,36.55953784,134,Yes,49.34866632,23.56048989,High_spent_Medium_value_payments,349.5438459,Standard
6142,39873,5,Jaisinghanij,42,445184420,Architect,20574.47,1740.539167,6,3,14,4,"credit-builder loan,personal loan,credit-builder loan,home equity loan",6,7,13.74,11,Standard,749.95,29.03616365,135,Yes,49.34866632,23.56048989,Low_spent_Large_value_payments,254.7266881,Standard
6143,39873,6,Jaisinghanij,42,445184420,Architect,20574.47,1740.539167,6,3,14,4,"credit-builder loan,personal loan,credit-builder loan,home equity loan",6,10,6.74,11,Standard,749.95,37.55229512,136,Yes,49.34866632,23.56048989,Low_spent_Small_value_payments,222.3331814,Standard
6144,39873,7,Jaisinghanij,42,445184420,Architect,20574.47,1740.539167,6,3,14,4,"credit-builder loan,personal loan,credit-builder loan,home equity loan",1,7,13.74,11,Standard,749.95,38.33877418,137,Yes,49.34866632,23.56048989,Low_spent_Large_value_payments,275.4314586,Standard
6145,39873,8,Jaisinghanij,42,445184420,Architect,20574.47,1740.539167,6,3,14,4,"credit-builder loan,personal loan,credit-builder loan,home equity loan",6,10,13.74,11,Standard,749.95,28.62902965,138,Yes,49.34866632,23.56048989,High_spent_Large_value_payments,322.7377426,Standard
6150,3173,1,Pomeroyi,21,473915845,Lawyer,148699.32,12432.61,3,4,5,3,"personal loan,mortgage loan,payday loan",13,8,9.2,1,Good,949.38,41.68721335,367,No,364.9151774,237.9183809,High_spent_Large_value_payments,822.1939947,Good
6151,3173,2,Pomeroyi,21,473915845,Lawyer,148699.32,12432.61,3,4,5,3,"personal loan,mortgage loan,payday loan",13,4,9.2,1,Good,949.38,28.51077465,368,No,364.9151774,237.9183809,High_spent_Large_value_payments,880.4274417,Good
6152,3173,3,Pomeroyi,21,473915845,Lawyer,148699.32,12432.61,3,4,5,3,"personal loan,mortgage loan,payday loan",13,3,9.2,1,Good,949.38,41.47825034,369,No,364.9151774,237.9183809,High_spent_Medium_value_payments,705.6144782,Good
6153,3173,4,Pomeroyi,22,473915845,Lawyer,148699.32,12432.61,3,4,5,3,"personal loan,mortgage loan,payday loan",13,6,9.2,1,Good,949.38,31.40151636,370,No,364.9151774,237.9183809,Low_spent_Medium_value_payments,558.8839898,Good
6154,3173,5,Pomeroyi,22,473915845,Lawyer,148699.32,12432.61,3,4,5,3,"personal loan,mortgage loan,payday loan",10,3,10.2,1,Good,949.38,34.26155637,371,No,364.9151774,237.9183809,High_spent_Large_value_payments,853.5473978,Good
6155,3173,6,Pomeroyi,22,473915845,Lawyer,148699.32,12432.61,3,4,5,3,"personal loan,mortgage loan,payday loan",13,6,9.2,1,Good,949.38,26.71579704,372,No,364.9151774,237.9183809,High_spent_Small_value_payments,277.2301534,Good
6156,3173,7,Pomeroyi,22,473915845,Lawyer,148699.32,12432.61,3,4,5,3,"personal loan,mortgage loan,payday loan",18,6,9.2,1,Good,949.38,39.77628577,373,No,364.9151774,237.9183809,High_spent_Large_value_payments,785.5315567,Good
6157,3173,8,Pomeroyi,22,473915845,Lawyer,148699.32,12432.61,3,4,5,3,"personal loan,mortgage loan,payday loan",16,8,9.2,1,Good,949.38,40.60538838,374,No,364.9151774,237.9183809,High_spent_Medium_value_payments,799.4379832,Good
6162,44763,1,Olivia Oranr,19,272471135,Musician,85554.03,7185.5025,4,2,3,0,No Data,12,7,6.43,3,Good,1095.73,33.43437152,235,No,0,57.04699053,High_spent_Large_value_payments,795.5546638,Good
6163,44763,2,Olivia Oranr,19,272471135,Musician,85554.03,7185.5025,4,2,3,0,No Data,12,7,6.43,3,Good,1095.73,38.38982003,236,NM,0,57.04699053,High_spent_Medium_value_payments,886.9776436,Good
6164,44763,3,Olivia Oranr,19,272471135,Musician,85554.03,7185.5025,4,2,3,0,No Data,12,7,6.43,3,Good,1095.73,36.62486342,237,No,0,57.04699053,High_spent_Medium_value_payments,840.0253761,Good
6165,44763,4,Olivia Oranr,19,272471135,Musician,85554.03,7185.5025,4,2,3,0,No Data,12,7,6.43,3,Good,1095.73,31.36024474,238,No,0,57.04699053,Low_spent_Large_value_payments,684.8855634,Good
6166,44763,5,Olivia Oranr,19,272471135,Musician,85554.03,7185.5025,4,2,3,0,No Data,14,7,6.43,3,Good,1095.73,41.66180247,239,No,0,57.04699053,High_spent_Large_value_payments,887.7276174,Good
6167,44763,6,Olivia Oranr,19,272471135,Musician,85554.03,7185.5025,4,2,3,0,No Data,12,7,6.43,3,Good,1095.73,25.02632602,240,No,0,57.04699053,Low_spent_Large_value_payments,523.1224763,Good
6168,44763,7,Olivia Oranr,19,272471135,Musician,85554.03,7185.5025,4,2,3,0,No Data,12,4,6.43,3,Good,1095.73,23.91628778,241,No,0,57.04699053,Low_spent_Medium_value_payments,273.6508993,Good
6169,44763,8,Olivia Oranr,20,272471135,Musician,85554.03,7185.5025,4,2,3,0,No Data,12,7,6.43,3,Good,1095.73,41.51328788,242,No,0,57.04699053,High_spent_Large_value_payments,879.7520668,Good
6174,36507,1,Rachelle Younglaic,15,925515335,Entrepreneur,55829.79,4369.4825,10,10,18,8,"student loan,home equity loan,payday loan,debt consolidation loan,not specified,not specified,personal loan,payday loan",30,20,27.99,11,Bad,3422.49,27.07054347,126,Yes,314.9017853,79.93896964,Low_spent_Small_value_payments,63.24697621,Standard
6175,36507,2,Rachelle Younglaic,15,925515335,Entrepreneur,55829.79,4369.4825,10,10,18,8,"student loan,home equity loan,payday loan,debt consolidation loan,not specified,not specified,personal loan,payday loan",30,18,20.99,11,Bad,3422.49,36.72993924,126,Yes,314.9017853,79.93896964,High_spent_Small_value_payments,257.5049943,Standard
6176,36507,3,Rachelle Younglaic,15,925515335,Entrepreneur,55829.79,4369.4825,10,10,18,8,"student loan,home equity loan,payday loan,debt consolidation loan,not specified,not specified,personal loan,payday loan",30,19,27.99,11,Bad,3422.49,27.97880174,127,Yes,314.9017853,79.93896964,High_spent_Small_value_payments,250.0402152,Standard
6177,36507,4,Rachelle Younglaic,15,925515335,Entrepreneur,55829.79,4369.4825,10,10,18,8,"student loan,home equity loan,payday loan,debt consolidation loan,not specified,not specified,personal loan,payday loan",30,18,27.99,11,Bad,3422.49,27.11330402,128,Yes,314.9017853,79.93896964,High_spent_Small_value_payments,209.8231548,Standard
6178,36507,5,Rachelle Younglaic,16,925515335,Entrepreneur,55829.79,4369.4825,10,10,18,8,"student loan,home equity loan,payday loan,debt consolidation loan,not specified,not specified,personal loan,payday loan",27,18,27.99,11,Bad,3422.49,38.02568458,129,Yes,314.9017853,79.93896964,High_spent_Small_value_payments,199.9999147,Standard
6179,36507,6,Rachelle Younglaic,16,925515335,Entrepreneur,55829.79,4369.4825,10,10,18,8,"student loan,home equity loan,payday loan,debt consolidation loan,not specified,not specified,personal loan,payday loan",31,21,27.99,11,Bad,3422.49,23.34669686,130,Yes,314.9017853,79.93896964,High_spent_Large_value_payments,255.146352,Standard
6180,36507,7,Rachelle Younglaic,16,925515335,Entrepreneur,55829.79,4369.4825,10,10,18,8,"student loan,home equity loan,payday loan,debt consolidation loan,not specified,not specified,personal loan,payday loan",30,15,27.99,11,Bad,3422.49,30.83696021,131,NM,314.9017853,79.93896964,Low_spent_Small_value_payments,219.7424048,Poor
6181,36507,8,Rachelle Younglaic,16,925515335,Entrepreneur,55829.79,4369.4825,10,10,18,8,"student loan,home equity loan,payday loan,debt consolidation loan,not specified,not specified,personal loan,payday loan",30,19,23.99,11,Bad,3422.49,37.86566807,132,Yes,314.9017853,79.93896964,Low_spent_Small_value_payments,156.3169634,Standard
6186,24733,1,Shupingu,27,911476879,Architect,14165.23,1057.435833,7,10,33,9,"credit-builder loan,personal loan,credit-builder loan,mortgage loan,personal loan,payday loan,payday loan,payday loan,student loan",59,24,8.82,11,Bad,2797.17,25.31433886,167,Yes,58.86844084,45.62644682,High_spent_Small_value_payments,246.3243569,Standard
